Mplus VERSION 8.10
MUTHEN & MUTHEN
12/20/2024   3:20 PM

INPUT INSTRUCTIONS

  DATA: File is regresija.dat;

  VARIABLE:

  NAMES ARE ID EKST_C UGOD_C SAV_C NE_C OTV_C HUM
  IMP NEG_VAL COMPLEX TIP POS_VAL ADVER
  SAV EKST A2 N2 OTV SEU;

  USEVARIABLES ARE UGOD_C
  IMP NEG_VAL TIP ADVER
  EKST A2 SAV N2 OTV SEU;

  MISSING ARE ALL (-99);

  CLUSTER IS id;

  BETWEEN ARE UGOD_C;


  ANALYSIS:
  TYPE = TWOLEVEL;
  ESTIMATOR = BAYES;
  PROCESSORS = 12;
  ALGORITHM=GIBBS(RW);
  FBITERATIONS = 200000;


  MODEL:

  %WITHIN%
  IMP;
  NEG_VAL;
  TIP;
  ADVER;
  EKST;
  A2;
  SAV;
  N2;
  OTV;
  SEU;


  IMP WITH NEG_VAL;
  IMP WITH TIP;
  IMP WITH ADVER;
  IMP WITH EKST;
  IMP WITH A2;
  IMP WITH SAV;
  IMP WITH N2;
  IMP WITH OTV;
  IMP WITH SEU;

  NEG_VAL WITH TIP;
  NEG_VAL WITH ADVER;
  NEG_VAL WITH EKST;
  NEG_VAL WITH A2;
  NEG_VAL WITH SAV;
  NEG_VAL WITH N2;
  NEG_VAL WITH OTV;
  NEG_VAL WITH SEU;

  TIP WITH ADVER;
  TIP WITH EKST;
  TIP WITH A2;
  TIP WITH SAV;
  TIP WITH N2;
  TIP WITH OTV;
  TIP WITH SEU;

  ADVER WITH EKST;
  ADVER WITH A2;
  ADVER WITH SAV;
  ADVER WITH N2;
  ADVER WITH OTV;
  ADVER WITH SEU;

  EKST WITH A2;
  EKST WITH SAV;
  EKST WITH N2;
  EKST WITH OTV;
  EKST WITH SEU;

  A2 WITH SAV;
  A2 WITH N2;
  A2 WITH OTV;
  A2 WITH SEU;

  SAV WITH N2;
  SAV WITH OTV;
  SAV WITH SEU;

  N2 WITH OTV;
  N2 WITH SEU;

  OTV WITH SEU;


  %BETWEEN%
  UGOD_C;
  IMP;
  NEG_VAL;
  TIP;
  ADVER;
  EKST;
  A2;
  SAV;
  N2;
  OTV;
  SEU;

  SEU ON EKST (c1);
  SEU ON OTV (c5);
  SEU ON A2 (c2);
  SEU ON N2 (c4);
  SEU ON SAV (c3);
  SEU ON UGOD_C;

  EKST ON IMP (b1);
  A2 ON IMP (b2);
  SAV ON IMP (b3);
  N2 ON IMP (b4);
  OTV ON IMP (b5);

  EKST ON NEG_VAL (b6);
  A2 ON NEG_VAL (b7);
  SAV ON NEG_VAL (b8);
  N2 ON NEG_VAL (b9);


  EKST ON TIP (b11);
  A2 ON TIP (b12);
  SAV ON TIP (b13);
  N2 ON TIP (b14);
  OTV ON TIP (b15);

  EKST ON ADVER (b16);
  A2 ON ADVER (b17);
  SAV ON ADVER (b18);
  N2 ON ADVER (b19);
  OTV ON ADVER (b20);


  IMP ON UGOD_C (a1);
  NEG_VAL ON UGOD_C (a2);
  TIP ON UGOD_C (a3);
  ADVER ON UGOD_C (a4);


  IMP WITH NEG_VAL;
  IMP WITH TIP;
  IMP WITH ADVER;

  NEG_VAL WITH TIP;
  NEG_VAL WITH ADVER;

  TIP WITH ADVER;

  EKST WITH OTV;
  EKST WITH A2;
  EKST WITH SAV;
  EKST WITH N2;

  OTV WITH A2;
  OTV WITH SAV;
  OTV WITH N2;

  A2 WITH SAV;
  A2 WITH N2;

  SAV WITH N2;


  MODEL CONSTRAINT:

  NEW (UVE UVU UVS UVN UVO
  UNVE UNVU UNVS UNVN
  UTE UTU UTS UTN UTO UNE
  UNU UNS UNN UNO);

  UVE =  a1*b1*c1;
  UVU = a1*b2*c2;
  UVS = a1*b3*c3;
  UVN = a1*b4*c4;
  UVO = a1*b5*c5;
  UNVE = a2*b6*c1;
  UNVU = a2*b7*c2;
  UNVS = a2*b8*c3;
  UNVN = a2*b9*c4;
  UTE = a3*b11*c1;
  UTU = a3*b12*c2;
  UTS = a3*b13*c3;
  UTN = a3*b14*c4;
  UTO = a3*b15*c5;
  UNE = a4*b16*c1;
  UNU = a4*b17*c2;
  UNS = a4*b18*c3;
  UNN = a4*b19*c4;
  UNO = a4*b20*c5;




  OUTPUT: STANDARDIZED TECH8;




*** WARNING
  One or more individual-level variables have no variation within a
  cluster for the following clusters.

     Variable   Cluster IDs with no within-cluster variation

      IMP         16554319 12491438
      NEG_VAL     20855258 21214531 20163018 13527350 16554891 27665653 16554319 16556161 12193480
                  27788116 20855586 24598783 26754644 13996939 12491438
      ADVER       20162054 24592461 16554891 16554319 27788116 20162730
      EKST        16554319 24591061 12198304
      A2          13994322 20856921 13526266 24595014 20163018 16554713 15611768 20855351 15471432
                  13527350 24592461 20854464 12497874 27665653 16554319 27661979 16556161 12193480
                  16554668 16556163 27787671 20855586 15474494 24591987 20162730 27664277 24598783
                  26754644 12198304 13996939 20798331 24595090 13997204
      SAV         13994941 16554713 20855351 16554891 16554319 24591061 16556161 20162730 12198304
                  12491438
      N2          13994322 20855574 20855351 16554891 27665653 16554319 27787671 20855586 12492269
                  24598783 12198304 20798331 24595090
      OTV         20855351 16554319 24591061
      SEU         13994941 16554319 24591061 12491438

*** WARNING
  Data set contains cases with missing on all variables.
  These cases were not included in the analysis.
  Number of cases with missing on all variables:  181
   2 WARNING(S) FOUND IN THE INPUT INSTRUCTIONS




SUMMARY OF ANALYSIS

Number of groups                                                 1
Number of observations                                        2789

Number of dependent variables                                   10
Number of independent variables                                  1
Number of continuous latent variables                            0

Observed dependent variables

  Continuous
   IMP         NEG_VAL     TIP         ADVER       EKST        A2
   SAV         N2          OTV         SEU

Observed independent variables
   UGOD_C

Variables with special functions

  Cluster variable      ID

  Between variables
   UGOD_C


Estimator                                                    BAYES
Specifications for Bayesian Estimation
  Point estimate                                            MEDIAN
  Number of Markov chain Monte Carlo (MCMC) chains               2
  Random seed for the first chain                                0
  Starting value information                           UNPERTURBED
  Algorithm used for Markov chain Monte Carlo            GIBBS(RW)
  Fixed number of iterations                                200000
  K-th iteration used for thinning                               1

Input data file(s)
  regresija.dat
Input data format  FREE


SUMMARY OF DATA

     Number of clusters                         99

       Size (s)    Cluster ID with Size s

         11        13994322
         12        20855574
         13        20856921
         14        16654540 13529089
         16        15261338
         17        13994941
         18        12495072 13526266 21213820
         21        24595014
         23        20855258
         24        13525223 12491236
         27        21214531
         29        20163018
         30        16554713 13522864 27918624 27785220 15612828 15611768
                   20852179 27913643 20856715 24593194 13525517 27788829
                   24593393 13993235 24595365 27662560 20855884 15471270
                   20855351 20162054 16551092 15611922 15471432 27666050
                   27915449 27918933 13527350 12492795 24592461 20161546
                   27918828 12191870 20854791 20854464 20794922 12497874
                   16554891 27665653 24591737 12498862 16554319 12492669
                   24591061 27665886 27661979 16556161 16554342 12193480
                   16554668 26754012 20796904 16556163 27788116 27787671
                   20855586 13528127 12494252 27663860 20162526 12492269
                   15264484 15474494 24591987 20162730 27664277 24598783
                   26754644 27663723 15262166 12198304 13996939 20798331
                   20796311 12491438 15614525 15266576 12491120 27783342
                   24595090 15264805 27662082 13997204 21212503



COVARIANCE COVERAGE OF DATA

Minimum covariance coverage value   0.100

     Number of missing data patterns             3


     PROPORTION OF DATA PRESENT


           Covariance Coverage
              UGOD_C        IMP           NEG_VAL       TIP           ADVER
              ________      ________      ________      ________      ________
 UGOD_C         0.913
 IMP            0.536         0.623
 NEG_VAL        0.536         0.623         0.623
 TIP            0.536         0.623         0.623         0.623
 ADVER          0.536         0.623         0.623         0.623         0.623
 EKST           0.536         0.623         0.623         0.623         0.623
 A2             0.536         0.623         0.623         0.623         0.623
 SAV            0.536         0.623         0.623         0.623         0.623
 N2             0.536         0.623         0.623         0.623         0.623
 OTV            0.536         0.623         0.623         0.623         0.623
 SEU            0.536         0.623         0.623         0.623         0.623


           Covariance Coverage
              EKST          A2            SAV           N2            OTV
              ________      ________      ________      ________      ________
 EKST           0.623
 A2             0.623         0.623
 SAV            0.623         0.623         0.623
 N2             0.623         0.623         0.623         0.623
 OTV            0.623         0.623         0.623         0.623         0.623
 SEU            0.623         0.623         0.623         0.623         0.623


           Covariance Coverage
              SEU
              ________
 SEU            0.623



UNIVARIATE SAMPLE STATISTICS


     UNIVARIATE HIGHER-ORDER MOMENT DESCRIPTIVE STATISTICS

         Variable/         Mean/     Skewness/   Minimum/ % with                Percentiles
        Sample Size      Variance    Kurtosis    Maximum  Min/Max      20%/60%    40%/80%    Median

     UGOD_C                4.078      -0.701       2.500    2.35%       3.667      4.000      4.167
              85.000       0.313       0.352       5.000    3.53%       4.333      4.500
     IMP                   5.734      -1.294       1.000    0.40%       5.000      5.667      6.000
            1738.000       0.991       2.727       7.000   13.52%       6.000      6.667
     NEG_VAL               1.406       2.715       1.000   67.89%       1.000      1.000      1.000
            1738.000       0.700       7.950       7.000    0.06%       1.000      1.667
     TIP                   5.515      -1.134       1.000    0.69%       4.667      5.333      5.667
            1738.000       1.350       1.730       7.000   13.69%       6.000      6.333
     ADVER                 1.957       1.364       1.000   41.31%       1.000      1.000      1.333
            1738.000       1.480       1.155       6.667    0.12%       2.000      3.000
     EKST                  5.910      -1.294       1.000    0.23%       5.000      6.000      6.000
            1738.000       1.054       2.364       7.000   26.29%       6.000      7.000
     A2                    6.476      -2.751       1.000    0.75%       6.000      7.000      7.000
            1738.000       1.246       7.758       7.000   72.32%       7.000      7.000
     SAV                   6.114      -1.390       1.000    0.06%       5.500      6.000      6.000
            1738.000       0.835       2.671       7.000   32.97%       6.500      7.000
     N2                    2.221       1.253       1.000   46.03%       1.000      1.000      2.000
            1738.000       2.413       0.596       7.000    1.67%       2.000      4.000
     OTV                   5.565      -0.985       1.000    0.29%       5.000      5.500      6.000
            1738.000       1.215       1.361       7.000   15.48%       6.000      6.500
     SEU                   5.781      -1.096       1.000    0.17%       5.000      5.667      6.000
            1738.000       1.008       1.620       7.000   16.86%       6.000      6.667


THE MODEL ESTIMATION TERMINATED NORMALLY

     USE THE FBITERATIONS OPTION TO INCREASE THE NUMBER OF ITERATIONS BY A FACTOR
     OF AT LEAST TWO TO CHECK CONVERGENCE AND THAT THE PSR VALUE DOES NOT INCREASE.



MODEL FIT INFORMATION

Number of Free Parameters                             122

Bayesian Posterior Predictive Checking using Chi-Square

          95% Confidence Interval for the Difference Between
          the Observed and the Replicated Chi-Square Values

                                -20.627            77.822

          Posterior Predictive P-Value              0.129

Information Criteria

          Deviance (DIC)                        39401.941
          Estimated Number of Parameters (pD)     918.320



MODEL RESULTS

                                Posterior  One-Tailed         95% C.I.
                    Estimate       S.D.      P-Value   Lower 2.5%  Upper 2.5%  Significance

Within Level

 IMP      WITH
    NEG_VAL           -0.117       0.011      0.000      -0.138      -0.096      *
    TIP                0.174       0.017      0.000       0.142       0.207      *
    ADVER             -0.227       0.018      0.000      -0.265      -0.192      *
    EKST               0.132       0.014      0.000       0.105       0.159      *
    A2                 0.068       0.017      0.000       0.035       0.103      *
    SAV                0.140       0.012      0.000       0.117       0.165      *
    N2                -0.136       0.022      0.000      -0.179      -0.095      *
    OTV                0.168       0.016      0.000       0.138       0.199      *
    SEU                0.228       0.014      0.000       0.201       0.257      *

 NEG_VAL  WITH
    TIP               -0.046       0.012      0.000      -0.069      -0.023      *
    ADVER              0.205       0.014      0.000       0.179       0.233      *
    EKST              -0.075       0.010      0.000      -0.096      -0.056      *
    A2                -0.096       0.013      0.000      -0.121      -0.071      *
    SAV               -0.056       0.009      0.000      -0.074      -0.039      *
    N2                 0.095       0.016      0.000       0.065       0.127      *
    OTV               -0.085       0.012      0.000      -0.108      -0.063      *
    SEU               -0.087       0.010      0.000      -0.107      -0.067      *

 TIP      WITH
    ADVER             -0.107       0.020      0.000      -0.147      -0.068      *
    EKST               0.069       0.016      0.000       0.039       0.100      *
    A2                 0.021       0.019      0.137      -0.017       0.060
    SAV                0.078       0.014      0.000       0.051       0.105      *
    N2                -0.038       0.024      0.055      -0.085       0.009
    OTV                0.054       0.017      0.001       0.020       0.088      *
    SEU                0.143       0.015      0.000       0.114       0.175      *

 ADVER    WITH
    EKST              -0.139       0.018      0.000      -0.175      -0.105      *
    A2                -0.148       0.022      0.000      -0.191      -0.105      *
    SAV               -0.086       0.015      0.000      -0.115      -0.057      *
    N2                 0.340       0.028      0.000       0.288       0.396      *
    OTV               -0.196       0.019      0.000      -0.235      -0.159      *
    SEU               -0.194       0.017      0.000      -0.229      -0.161      *

 EKST     WITH
    A2                 0.088       0.017      0.000       0.055       0.123      *
    SAV                0.125       0.012      0.000       0.102       0.149      *
    N2                -0.132       0.021      0.000      -0.174      -0.090      *
    OTV                0.240       0.016      0.000       0.209       0.272      *
    SEU                0.133       0.013      0.000       0.107       0.159      *

 A2       WITH
    SAV                0.059       0.015      0.000       0.031       0.088      *
    N2                -0.154       0.026      0.000      -0.206      -0.103      *
    OTV                0.097       0.019      0.000       0.060       0.134      *
    SEU                0.110       0.016      0.000       0.078       0.142      *

 SAV      WITH
    N2                -0.067       0.018      0.000      -0.103      -0.033      *
    OTV                0.159       0.013      0.000       0.133       0.185      *
    SEU                0.144       0.012      0.000       0.122       0.168      *

 N2       WITH
    OTV               -0.126       0.023      0.000      -0.172      -0.080      *
    SEU               -0.137       0.020      0.000      -0.178      -0.098      *

 OTV      WITH
    SEU                0.204       0.015      0.000       0.175       0.234      *

 Variances
    IMP                0.551       0.019      0.000       0.514       0.591      *
    NEG_VAL            0.307       0.011      0.000       0.287       0.330      *
    TIP                0.719       0.025      0.000       0.672       0.772      *
    ADVER              0.878       0.031      0.000       0.820       0.940      *
    EKST               0.551       0.019      0.000       0.515       0.590      *
    A2                 0.854       0.030      0.000       0.798       0.916      *
    SAV                0.398       0.014      0.000       0.372       0.427      *
    N2                 1.299       0.046      0.000       1.212       1.391      *
    OTV                0.665       0.023      0.000       0.620       0.712      *
    SEU                0.495       0.018      0.000       0.462       0.531      *

Between Level

 SEU        ON
    EKST              -0.101       0.118      0.195      -0.332       0.130
    OTV                0.390       0.089      0.000       0.215       0.565      *
    A2                 0.162       0.124      0.094      -0.082       0.408
    N2                -0.079       0.067      0.117      -0.210       0.052
    SAV                0.478       0.123      0.000       0.237       0.720      *
    UGOD_C            -0.018       0.105      0.431      -0.225       0.187

 EKST       ON
    IMP                0.530       0.148      0.000       0.239       0.820      *
    NEG_VAL            0.037       0.147      0.400      -0.253       0.324
    TIP                0.114       0.112      0.153      -0.106       0.335
    ADVER             -0.234       0.132      0.038      -0.495       0.025

 A2         ON
    IMP                0.093       0.114      0.206      -0.131       0.317
    NEG_VAL           -0.659       0.120      0.000      -0.896      -0.424      *
    TIP               -0.030       0.086      0.365      -0.200       0.139
    ADVER             -0.162       0.104      0.059      -0.368       0.042

 SAV        ON
    IMP                0.700       0.121      0.000       0.464       0.938      *
    NEG_VAL           -0.117       0.121      0.165      -0.354       0.121
    TIP               -0.010       0.092      0.458      -0.190       0.171
    ADVER             -0.059       0.108      0.293      -0.271       0.154

 N2         ON
    IMP                0.112       0.217      0.301      -0.315       0.538
    NEG_VAL           -0.242       0.229      0.143      -0.692       0.206
    TIP               -0.360       0.165      0.015      -0.685      -0.037      *
    ADVER              0.986       0.199      0.000       0.598       1.380      *

 OTV        ON
    IMP                0.795       0.174      0.000       0.454       1.137      *
    TIP               -0.102       0.129      0.213      -0.355       0.151
    ADVER              0.024       0.116      0.416      -0.204       0.252

 IMP        ON
    UGOD_C             0.494       0.123      0.000       0.250       0.735      *

 NEG_VAL    ON
    UGOD_C            -0.401       0.115      0.000      -0.625      -0.176      *

 TIP        ON
    UGOD_C             0.518       0.148      0.000       0.226       0.809      *

 ADVER      ON
    UGOD_C            -0.559       0.147      0.000      -0.845      -0.270      *

 IMP      WITH
    NEG_VAL           -0.124       0.046      0.001      -0.227      -0.045      *
    TIP                0.287       0.065      0.000       0.183       0.441      *
    ADVER             -0.222       0.061      0.000      -0.361      -0.123      *

 NEG_VAL  WITH
    TIP               -0.146       0.055      0.001      -0.267      -0.051      *
    ADVER              0.304       0.062      0.000       0.204       0.445      *

 TIP      WITH
    ADVER             -0.139       0.068      0.013      -0.286      -0.018      *

 EKST     WITH
    OTV                0.125       0.046      0.001       0.045       0.226      *
    A2                 0.092       0.029      0.000       0.040       0.156      *
    SAV                0.098       0.032      0.000       0.042       0.167      *
    N2                -0.086       0.056      0.051      -0.201       0.016

 OTV      WITH
    A2                -0.007       0.034      0.423      -0.075       0.061
    SAV                0.095       0.038      0.002       0.028       0.179      *
    N2                 0.074       0.066      0.118      -0.049       0.212

 A2       WITH
    SAV                0.048       0.024      0.015       0.005       0.099      *
    N2                -0.156       0.046      0.000      -0.257      -0.078      *

 SAV      WITH
    N2                -0.021       0.045      0.312      -0.112       0.065

 Means
    UGOD_C             4.084       0.061      0.000       3.965       4.203      *

 Intercepts
    IMP                3.715       0.509      0.000       2.722       4.721      *
    NEG_VAL            3.045       0.472      0.000       2.117       3.968      *
    TIP                3.413       0.611      0.000       2.212       4.619      *
    ADVER              4.241       0.603      0.000       3.048       5.420      *
    EKST               2.646       0.782      0.001       1.114       4.179      *
    A2                 7.349       0.602      0.000       6.174       8.538      *
    SAV                2.421       0.640      0.000       1.156       3.672      *
    N2                 1.961       1.149      0.044      -0.306       4.220
    OTV                1.507       0.936      0.054      -0.332       3.344
    SEU                0.484       0.861      0.285      -1.210       2.173

 Variances
    UGOD_C             0.322       0.051      0.000       0.241       0.441      *

 Residual Variances
    IMP                0.392       0.067      0.000       0.288       0.550      *
    NEG_VAL            0.351       0.057      0.000       0.261       0.485      *
    TIP                0.574       0.095      0.000       0.427       0.799      *
    ADVER              0.554       0.092      0.000       0.404       0.766      *
    EKST               0.293       0.051      0.000       0.211       0.411      *
    A2                 0.143       0.030      0.000       0.095       0.214      *
    SAV                0.192       0.035      0.000       0.136       0.274      *
    N2                 0.624       0.114      0.000       0.440       0.880      *
    OTV                0.428       0.075      0.000       0.310       0.599      *
    SEU                0.172       0.031      0.000       0.124       0.243      *

New/Additional Parameters
    UVE               -0.023       0.034      0.195      -0.104       0.035
    UVU                0.005       0.014      0.256      -0.013       0.042
    UVS                0.157       0.068      0.000       0.057       0.319      *
    UVN               -0.002       0.012      0.352      -0.033       0.017
    UVO                0.145       0.064      0.000       0.052       0.300      *
    UNVE               0.000       0.010      0.439      -0.018       0.024
    UNVU               0.039       0.037      0.094      -0.021       0.128
    UNVS               0.019       0.026      0.165      -0.023       0.083
    UNVN              -0.005       0.012      0.228      -0.038       0.010
    UTE               -0.003       0.012      0.289      -0.036       0.013
    UTU               -0.001       0.010      0.392      -0.025       0.016
    UTS               -0.002       0.024      0.458      -0.053       0.047
    UTN                0.012       0.016      0.128      -0.010       0.055
    UTO               -0.018       0.028      0.213      -0.084       0.031
    UNE               -0.009       0.020      0.218      -0.063       0.019
    UNU                0.011       0.017      0.143      -0.010       0.058
    UNS                0.013       0.031      0.293      -0.043       0.085
    UNN                0.039       0.041      0.117      -0.028       0.136
    UNO               -0.005       0.027      0.416      -0.062       0.048


STANDARDIZED MODEL RESULTS


STDYX Standardization

                                Posterior  One-Tailed         95% C.I.
                    Estimate       S.D.      P-Value   Lower 2.5%  Upper 2.5%  Significance
Within Level

 IMP      WITH
    NEG_VAL           -0.284       0.023      0.000      -0.328      -0.239      *
    TIP                0.277       0.023      0.000       0.230       0.321      *
    ADVER             -0.327       0.022      0.000      -0.371      -0.283      *
    EKST               0.240       0.023      0.000       0.194       0.284      *
    A2                 0.100       0.025      0.000       0.052       0.148      *
    SAV                0.300       0.023      0.000       0.255       0.344      *
    N2                -0.161       0.024      0.000      -0.209      -0.113      *
    OTV                0.278       0.023      0.000       0.232       0.322      *
    SEU                0.436       0.020      0.000       0.396       0.475      *

 NEG_VAL  WITH
    TIP               -0.097       0.025      0.000      -0.145      -0.049      *
    ADVER              0.395       0.021      0.000       0.354       0.436      *
    EKST              -0.183       0.024      0.000      -0.230      -0.137      *
    A2                -0.187       0.024      0.000      -0.233      -0.140      *
    SAV               -0.160       0.024      0.000      -0.207      -0.113      *
    N2                 0.151       0.024      0.000       0.103       0.198      *
    OTV               -0.189       0.024      0.000      -0.236      -0.142      *
    SEU               -0.222       0.024      0.000      -0.269      -0.175      *

 TIP      WITH
    ADVER             -0.135       0.024      0.000      -0.182      -0.087      *
    EKST               0.110       0.025      0.000       0.062       0.158      *
    A2                 0.027       0.025      0.137      -0.021       0.076
    SAV                0.146       0.025      0.000       0.097       0.193      *
    N2                -0.039       0.025      0.055      -0.087       0.009
    OTV                0.078       0.025      0.001       0.029       0.125      *
    SEU                0.240       0.024      0.000       0.194       0.286      *

 ADVER    WITH
    EKST              -0.200       0.024      0.000      -0.247      -0.153      *
    A2                -0.171       0.024      0.000      -0.217      -0.123      *
    SAV               -0.145       0.024      0.000      -0.192      -0.097      *
    N2                 0.319       0.022      0.000       0.275       0.362      *
    OTV               -0.257       0.023      0.000      -0.302      -0.211      *
    SEU               -0.295       0.023      0.000      -0.339      -0.250      *

 EKST     WITH
    A2                 0.129       0.024      0.000       0.081       0.176      *
    SAV                0.267       0.023      0.000       0.221       0.311      *
    N2                -0.156       0.024      0.000      -0.203      -0.108      *
    OTV                0.397       0.021      0.000       0.354       0.437      *
    SEU                0.254       0.023      0.000       0.208       0.299      *

 A2       WITH
    SAV                0.101       0.025      0.000       0.053       0.150      *
    N2                -0.146       0.024      0.000      -0.193      -0.099      *
    OTV                0.129       0.024      0.000       0.081       0.176      *
    SEU                0.169       0.024      0.000       0.121       0.216      *

 SAV      WITH
    N2                -0.093       0.025      0.000      -0.141      -0.046      *
    OTV                0.309       0.023      0.000       0.263       0.352      *
    SEU                0.326       0.022      0.000       0.281       0.369      *

 N2       WITH
    OTV               -0.135       0.024      0.000      -0.183      -0.087      *
    SEU               -0.171       0.024      0.000      -0.218      -0.124      *

 OTV      WITH
    SEU                0.356       0.022      0.000       0.312       0.397      *

 Variances
    IMP                1.000       0.000      0.000       1.000       1.000
    NEG_VAL            1.000       0.000      0.000       1.000       1.000
    TIP                1.000       0.000      0.000       1.000       1.000
    ADVER              1.000       0.000      0.000       1.000       1.000
    EKST               1.000       0.000      0.000       1.000       1.000
    A2                 1.000       0.000      0.000       1.000       1.000
    SAV                1.000       0.000      0.000       1.000       1.000
    N2                 1.000       0.000      0.000       1.000       1.000
    OTV                1.000       0.000      0.000       1.000       1.000
    SEU                1.000       0.000      0.000       1.000       1.000

Between Level

 SEU        ON
    EKST              -0.104       0.121      0.195      -0.342       0.132
    OTV                0.424       0.094      0.000       0.235       0.604      *
    A2                 0.144       0.110      0.094      -0.072       0.358
    N2                -0.117       0.099      0.117      -0.312       0.077
    SAV                0.445       0.111      0.000       0.221       0.656      *
    UGOD_C            -0.014       0.078      0.431      -0.164       0.143

 EKST       ON
    IMP                0.470       0.125      0.000       0.213       0.703      *
    NEG_VAL            0.030       0.120      0.400      -0.206       0.265
    TIP                0.119       0.117      0.153      -0.111       0.347
    ADVER             -0.244       0.136      0.038      -0.507       0.026

 A2         ON
    IMP                0.095       0.117      0.206      -0.134       0.324
    NEG_VAL           -0.627       0.106      0.000      -0.823      -0.407      *
    TIP               -0.036       0.105      0.365      -0.243       0.169
    ADVER             -0.197       0.125      0.059      -0.437       0.051

 SAV        ON
    IMP                0.685       0.107      0.000       0.462       0.882      *
    NEG_VAL           -0.106       0.109      0.165      -0.320       0.110
    TIP               -0.011       0.106      0.458      -0.219       0.196
    ADVER             -0.067       0.124      0.293      -0.310       0.177

 N2         ON
    IMP                0.069       0.132      0.301      -0.192       0.328
    NEG_VAL           -0.137       0.129      0.143      -0.391       0.116
    TIP               -0.262       0.118      0.015      -0.491      -0.027      *
    ADVER              0.712       0.131      0.000       0.440       0.957      *

 OTV        ON
    IMP                0.666       0.133      0.000       0.389       0.907      *
    TIP               -0.101       0.126      0.213      -0.347       0.147
    ADVER              0.024       0.114      0.416      -0.199       0.247

 IMP        ON
    UGOD_C             0.408       0.093      0.000       0.211       0.574      *

 NEG_VAL    ON
    UGOD_C            -0.359       0.095      0.000      -0.530      -0.159      *

 TIP        ON
    UGOD_C             0.361       0.095      0.000       0.161       0.534      *

 ADVER      ON
    UGOD_C            -0.392       0.094      0.000      -0.560      -0.193      *

 IMP      WITH
    NEG_VAL           -0.339       0.100      0.001      -0.522      -0.130      *
    TIP                0.611       0.073      0.000       0.450       0.736      *
    ADVER             -0.482       0.088      0.000      -0.639      -0.295      *

 NEG_VAL  WITH
    TIP               -0.329       0.101      0.001      -0.513      -0.119      *
    ADVER              0.693       0.061      0.000       0.555       0.794      *

 TIP      WITH
    ADVER             -0.250       0.107      0.013      -0.445      -0.032      *

 EKST     WITH
    OTV                0.357       0.104      0.001       0.135       0.544      *
    A2                 0.454       0.109      0.000       0.216       0.644      *
    SAV                0.417       0.102      0.000       0.197       0.595      *
    N2                -0.205       0.119      0.051      -0.420       0.038

 OTV      WITH
    A2                -0.027       0.134      0.423      -0.287       0.234
    SAV                0.335       0.109      0.002       0.104       0.531      *
    N2                 0.146       0.120      0.118      -0.094       0.374

 A2       WITH
    SAV                0.295       0.125      0.015       0.030       0.519      *
    N2                -0.530       0.106      0.000      -0.709      -0.292      *

 SAV      WITH
    N2                -0.063       0.125      0.312      -0.302       0.186

 Means
    UGOD_C             7.202       0.562      0.000       6.132       8.336      *

 Intercepts
    IMP                5.404       1.003      0.000       3.528       7.439      *
    NEG_VAL            4.793       0.669      0.000       3.345       5.962      *
    TIP                4.191       0.926      0.000       2.439       6.061      *
    ADVER              5.233       0.660      0.000       3.796       6.392      *
    EKST               3.398       1.112      0.001       1.330       5.682      *
    A2                10.925       1.209      0.000       8.620      13.366      *
    SAV                3.426       1.031      0.000       1.519       5.561      *
    N2                 1.740       1.023      0.044      -0.264       3.752
    OTV                1.830       1.194      0.054      -0.369       4.299
    SEU                0.636       1.147      0.285      -1.515       2.991

 Variances
    UGOD_C             1.000       0.000      0.000       1.000       1.000

 Residual Variances
    IMP                0.833       0.074      0.000       0.671       0.956      *
    NEG_VAL            0.871       0.067      0.000       0.719       0.975      *
    TIP                0.869       0.067      0.000       0.715       0.974      *
    ADVER              0.846       0.072      0.000       0.686       0.963      *
    EKST               0.485       0.079      0.000       0.342       0.650      *
    A2                 0.317       0.067      0.000       0.204       0.465      *
    SAV                0.386       0.070      0.000       0.264       0.538      *
    N2                 0.492       0.081      0.000       0.345       0.662      *
    OTV                0.634       0.086      0.000       0.467       0.803      *
    SEU                0.298       0.059      0.000       0.200       0.429      *


STDY Standardization

                                Posterior  One-Tailed         95% C.I.
                    Estimate       S.D.      P-Value   Lower 2.5%  Upper 2.5%  Significance
Within Level

 IMP      WITH
    NEG_VAL           -0.284       0.023      0.000      -0.328      -0.239      *
    TIP                0.277       0.023      0.000       0.230       0.321      *
    ADVER             -0.327       0.022      0.000      -0.371      -0.283      *
    EKST               0.240       0.023      0.000       0.194       0.284      *
    A2                 0.100       0.025      0.000       0.052       0.148      *
    SAV                0.300       0.023      0.000       0.255       0.344      *
    N2                -0.161       0.024      0.000      -0.209      -0.113      *
    OTV                0.278       0.023      0.000       0.232       0.322      *
    SEU                0.436       0.020      0.000       0.396       0.475      *

 NEG_VAL  WITH
    TIP               -0.097       0.025      0.000      -0.145      -0.049      *
    ADVER              0.395       0.021      0.000       0.354       0.436      *
    EKST              -0.183       0.024      0.000      -0.230      -0.137      *
    A2                -0.187       0.024      0.000      -0.233      -0.140      *
    SAV               -0.160       0.024      0.000      -0.207      -0.113      *
    N2                 0.151       0.024      0.000       0.103       0.198      *
    OTV               -0.189       0.024      0.000      -0.236      -0.142      *
    SEU               -0.222       0.024      0.000      -0.269      -0.175      *

 TIP      WITH
    ADVER             -0.135       0.024      0.000      -0.182      -0.087      *
    EKST               0.110       0.025      0.000       0.062       0.158      *
    A2                 0.027       0.025      0.137      -0.021       0.076
    SAV                0.146       0.025      0.000       0.097       0.193      *
    N2                -0.039       0.025      0.055      -0.087       0.009
    OTV                0.078       0.025      0.001       0.029       0.125      *
    SEU                0.240       0.024      0.000       0.194       0.286      *

 ADVER    WITH
    EKST              -0.200       0.024      0.000      -0.247      -0.153      *
    A2                -0.171       0.024      0.000      -0.217      -0.123      *
    SAV               -0.145       0.024      0.000      -0.192      -0.097      *
    N2                 0.319       0.022      0.000       0.275       0.362      *
    OTV               -0.257       0.023      0.000      -0.302      -0.211      *
    SEU               -0.295       0.023      0.000      -0.339      -0.250      *

 EKST     WITH
    A2                 0.129       0.024      0.000       0.081       0.176      *
    SAV                0.267       0.023      0.000       0.221       0.311      *
    N2                -0.156       0.024      0.000      -0.203      -0.108      *
    OTV                0.397       0.021      0.000       0.354       0.437      *
    SEU                0.254       0.023      0.000       0.208       0.299      *

 A2       WITH
    SAV                0.101       0.025      0.000       0.053       0.150      *
    N2                -0.146       0.024      0.000      -0.193      -0.099      *
    OTV                0.129       0.024      0.000       0.081       0.176      *
    SEU                0.169       0.024      0.000       0.121       0.216      *

 SAV      WITH
    N2                -0.093       0.025      0.000      -0.141      -0.046      *
    OTV                0.309       0.023      0.000       0.263       0.352      *
    SEU                0.326       0.022      0.000       0.281       0.369      *

 N2       WITH
    OTV               -0.135       0.024      0.000      -0.183      -0.087      *
    SEU               -0.171       0.024      0.000      -0.218      -0.124      *

 OTV      WITH
    SEU                0.356       0.022      0.000       0.312       0.397      *

 Variances
    IMP                1.000       0.000      0.000       1.000       1.000
    NEG_VAL            1.000       0.000      0.000       1.000       1.000
    TIP                1.000       0.000      0.000       1.000       1.000
    ADVER              1.000       0.000      0.000       1.000       1.000
    EKST               1.000       0.000      0.000       1.000       1.000
    A2                 1.000       0.000      0.000       1.000       1.000
    SAV                1.000       0.000      0.000       1.000       1.000
    N2                 1.000       0.000      0.000       1.000       1.000
    OTV                1.000       0.000      0.000       1.000       1.000
    SEU                1.000       0.000      0.000       1.000       1.000

Between Level

 SEU        ON
    EKST              -0.104       0.121      0.195      -0.342       0.132
    OTV                0.424       0.094      0.000       0.235       0.604      *
    A2                 0.144       0.110      0.094      -0.072       0.358
    N2                -0.117       0.099      0.117      -0.312       0.077
    SAV                0.445       0.111      0.000       0.221       0.656      *
    UGOD_C            -0.014       0.078      0.431      -0.164       0.143

 EKST       ON
    IMP                0.470       0.125      0.000       0.213       0.703      *
    NEG_VAL            0.030       0.120      0.400      -0.206       0.265
    TIP                0.119       0.117      0.153      -0.111       0.347
    ADVER             -0.244       0.136      0.038      -0.507       0.026

 A2         ON
    IMP                0.095       0.117      0.206      -0.134       0.324
    NEG_VAL           -0.627       0.106      0.000      -0.823      -0.407      *
    TIP               -0.036       0.105      0.365      -0.243       0.169
    ADVER             -0.197       0.125      0.059      -0.437       0.051

 SAV        ON
    IMP                0.685       0.107      0.000       0.462       0.882      *
    NEG_VAL           -0.106       0.109      0.165      -0.320       0.110
    TIP               -0.011       0.106      0.458      -0.219       0.196
    ADVER             -0.067       0.124      0.293      -0.310       0.177

 N2         ON
    IMP                0.069       0.132      0.301      -0.192       0.328
    NEG_VAL           -0.137       0.129      0.143      -0.391       0.116
    TIP               -0.262       0.118      0.015      -0.491      -0.027      *
    ADVER              0.712       0.131      0.000       0.440       0.957      *

 OTV        ON
    IMP                0.666       0.133      0.000       0.389       0.907      *
    TIP               -0.101       0.126      0.213      -0.347       0.147
    ADVER              0.024       0.114      0.416      -0.199       0.247

 IMP        ON
    UGOD_C             0.408       0.093      0.000       0.211       0.574      *

 NEG_VAL    ON
    UGOD_C            -0.359       0.095      0.000      -0.530      -0.159      *

 TIP        ON
    UGOD_C             0.361       0.095      0.000       0.161       0.534      *

 ADVER      ON
    UGOD_C            -0.392       0.094      0.000      -0.560      -0.193      *

 IMP      WITH
    NEG_VAL           -0.339       0.100      0.001      -0.522      -0.130      *
    TIP                0.611       0.073      0.000       0.450       0.736      *
    ADVER             -0.482       0.088      0.000      -0.639      -0.295      *

 NEG_VAL  WITH
    TIP               -0.329       0.101      0.001      -0.513      -0.119      *
    ADVER              0.693       0.061      0.000       0.555       0.794      *

 TIP      WITH
    ADVER             -0.250       0.107      0.013      -0.445      -0.032      *

 EKST     WITH
    OTV                0.357       0.104      0.001       0.135       0.544      *
    A2                 0.454       0.109      0.000       0.216       0.644      *
    SAV                0.417       0.102      0.000       0.197       0.595      *
    N2                -0.205       0.119      0.051      -0.420       0.038

 OTV      WITH
    A2                -0.027       0.134      0.423      -0.287       0.234
    SAV                0.335       0.109      0.002       0.104       0.531      *
    N2                 0.146       0.120      0.118      -0.094       0.374

 A2       WITH
    SAV                0.295       0.125      0.015       0.030       0.519      *
    N2                -0.530       0.106      0.000      -0.709      -0.292      *

 SAV      WITH
    N2                -0.063       0.125      0.312      -0.302       0.186

 Means
    UGOD_C             7.202       0.562      0.000       6.132       8.336      *

 Intercepts
    IMP                5.404       1.003      0.000       3.528       7.439      *
    NEG_VAL            4.793       0.669      0.000       3.345       5.962      *
    TIP                4.191       0.926      0.000       2.439       6.061      *
    ADVER              5.233       0.660      0.000       3.796       6.392      *
    EKST               3.398       1.112      0.001       1.330       5.682      *
    A2                10.925       1.209      0.000       8.620      13.366      *
    SAV                3.426       1.031      0.000       1.519       5.561      *
    N2                 1.740       1.023      0.044      -0.264       3.752
    OTV                1.830       1.194      0.054      -0.369       4.299
    SEU                0.636       1.147      0.285      -1.515       2.991

 Variances
    UGOD_C             1.000       0.000      0.000       1.000       1.000

 Residual Variances
    IMP                0.833       0.074      0.000       0.671       0.956      *
    NEG_VAL            0.871       0.067      0.000       0.719       0.975      *
    TIP                0.869       0.067      0.000       0.715       0.974      *
    ADVER              0.846       0.072      0.000       0.686       0.963      *
    EKST               0.485       0.079      0.000       0.342       0.650      *
    A2                 0.317       0.067      0.000       0.204       0.465      *
    SAV                0.386       0.070      0.000       0.264       0.538      *
    N2                 0.492       0.081      0.000       0.345       0.662      *
    OTV                0.634       0.086      0.000       0.467       0.803      *
    SEU                0.298       0.059      0.000       0.200       0.429      *


STD Standardization

                                Posterior  One-Tailed         95% C.I.
                    Estimate       S.D.      P-Value   Lower 2.5%  Upper 2.5%  Significance
Within Level

 IMP      WITH
    NEG_VAL           -0.117       0.011      0.000      -0.138      -0.096      *
    TIP                0.174       0.017      0.000       0.142       0.207      *
    ADVER             -0.227       0.018      0.000      -0.265      -0.192      *
    EKST               0.132       0.014      0.000       0.105       0.159      *
    A2                 0.068       0.017      0.000       0.035       0.103      *
    SAV                0.140       0.012      0.000       0.117       0.165      *
    N2                -0.136       0.022      0.000      -0.179      -0.095      *
    OTV                0.168       0.016      0.000       0.138       0.199      *
    SEU                0.228       0.014      0.000       0.201       0.257      *

 NEG_VAL  WITH
    TIP               -0.046       0.012      0.000      -0.069      -0.023      *
    ADVER              0.205       0.014      0.000       0.179       0.233      *
    EKST              -0.075       0.010      0.000      -0.096      -0.056      *
    A2                -0.096       0.013      0.000      -0.121      -0.071      *
    SAV               -0.056       0.009      0.000      -0.074      -0.039      *
    N2                 0.095       0.016      0.000       0.065       0.127      *
    OTV               -0.085       0.012      0.000      -0.108      -0.063      *
    SEU               -0.087       0.010      0.000      -0.107      -0.067      *

 TIP      WITH
    ADVER             -0.107       0.020      0.000      -0.147      -0.068      *
    EKST               0.069       0.016      0.000       0.039       0.100      *
    A2                 0.021       0.019      0.137      -0.017       0.060
    SAV                0.078       0.014      0.000       0.051       0.105      *
    N2                -0.038       0.024      0.055      -0.085       0.009
    OTV                0.054       0.017      0.001       0.020       0.088      *
    SEU                0.143       0.015      0.000       0.114       0.175      *

 ADVER    WITH
    EKST              -0.139       0.018      0.000      -0.175      -0.105      *
    A2                -0.148       0.022      0.000      -0.191      -0.105      *
    SAV               -0.086       0.015      0.000      -0.115      -0.057      *
    N2                 0.340       0.028      0.000       0.288       0.396      *
    OTV               -0.196       0.019      0.000      -0.235      -0.159      *
    SEU               -0.194       0.017      0.000      -0.229      -0.161      *

 EKST     WITH
    A2                 0.088       0.017      0.000       0.055       0.123      *
    SAV                0.125       0.012      0.000       0.102       0.149      *
    N2                -0.132       0.021      0.000      -0.174      -0.090      *
    OTV                0.240       0.016      0.000       0.209       0.272      *
    SEU                0.133       0.013      0.000       0.107       0.159      *

 A2       WITH
    SAV                0.059       0.015      0.000       0.031       0.088      *
    N2                -0.154       0.026      0.000      -0.206      -0.103      *
    OTV                0.097       0.019      0.000       0.060       0.134      *
    SEU                0.110       0.016      0.000       0.078       0.142      *

 SAV      WITH
    N2                -0.067       0.018      0.000      -0.103      -0.033      *
    OTV                0.159       0.013      0.000       0.133       0.185      *
    SEU                0.144       0.012      0.000       0.122       0.168      *

 N2       WITH
    OTV               -0.126       0.023      0.000      -0.172      -0.080      *
    SEU               -0.137       0.020      0.000      -0.178      -0.098      *

 OTV      WITH
    SEU                0.204       0.015      0.000       0.175       0.234      *

 Variances
    IMP                0.551       0.019      0.000       0.514       0.591      *
    NEG_VAL            0.307       0.011      0.000       0.287       0.330      *
    TIP                0.719       0.025      0.000       0.672       0.772      *
    ADVER              0.878       0.031      0.000       0.820       0.940      *
    EKST               0.551       0.019      0.000       0.515       0.590      *
    A2                 0.854       0.030      0.000       0.798       0.916      *
    SAV                0.398       0.014      0.000       0.372       0.427      *
    N2                 1.299       0.046      0.000       1.212       1.391      *
    OTV                0.665       0.023      0.000       0.620       0.712      *
    SEU                0.495       0.018      0.000       0.462       0.531      *

Between Level

 SEU        ON
    EKST              -0.101       0.118      0.195      -0.332       0.130
    OTV                0.390       0.089      0.000       0.215       0.565      *
    A2                 0.162       0.124      0.094      -0.082       0.408
    N2                -0.079       0.067      0.117      -0.210       0.052
    SAV                0.478       0.123      0.000       0.237       0.720      *
    UGOD_C            -0.018       0.105      0.431      -0.225       0.187

 EKST       ON
    IMP                0.530       0.148      0.000       0.239       0.820      *
    NEG_VAL            0.037       0.147      0.400      -0.253       0.324
    TIP                0.114       0.112      0.153      -0.106       0.335
    ADVER             -0.234       0.132      0.038      -0.495       0.025

 A2         ON
    IMP                0.093       0.114      0.206      -0.131       0.317
    NEG_VAL           -0.659       0.120      0.000      -0.896      -0.424      *
    TIP               -0.030       0.086      0.365      -0.200       0.139
    ADVER             -0.162       0.104      0.059      -0.368       0.042

 SAV        ON
    IMP                0.700       0.121      0.000       0.464       0.938      *
    NEG_VAL           -0.117       0.121      0.165      -0.354       0.121
    TIP               -0.010       0.092      0.458      -0.190       0.171
    ADVER             -0.059       0.108      0.293      -0.271       0.154

 N2         ON
    IMP                0.112       0.217      0.301      -0.315       0.538
    NEG_VAL           -0.242       0.229      0.143      -0.692       0.206
    TIP               -0.360       0.165      0.015      -0.685      -0.037      *
    ADVER              0.986       0.199      0.000       0.598       1.380      *

 OTV        ON
    IMP                0.795       0.174      0.000       0.454       1.137      *
    TIP               -0.102       0.129      0.213      -0.355       0.151
    ADVER              0.024       0.116      0.416      -0.204       0.252

 IMP        ON
    UGOD_C             0.494       0.123      0.000       0.250       0.735      *

 NEG_VAL    ON
    UGOD_C            -0.401       0.115      0.000      -0.625      -0.176      *

 TIP        ON
    UGOD_C             0.518       0.148      0.000       0.226       0.809      *

 ADVER      ON
    UGOD_C            -0.559       0.147      0.000      -0.845      -0.270      *

 IMP      WITH
    NEG_VAL           -0.124       0.046      0.001      -0.227      -0.045      *
    TIP                0.287       0.065      0.000       0.183       0.441      *
    ADVER             -0.222       0.061      0.000      -0.361      -0.123      *

 NEG_VAL  WITH
    TIP               -0.146       0.055      0.001      -0.267      -0.051      *
    ADVER              0.304       0.062      0.000       0.204       0.445      *

 TIP      WITH
    ADVER             -0.139       0.068      0.013      -0.286      -0.018      *

 EKST     WITH
    OTV                0.125       0.046      0.001       0.045       0.226      *
    A2                 0.092       0.029      0.000       0.040       0.156      *
    SAV                0.098       0.032      0.000       0.042       0.167      *
    N2                -0.086       0.056      0.051      -0.201       0.016

 OTV      WITH
    A2                -0.007       0.034      0.423      -0.075       0.061
    SAV                0.095       0.038      0.002       0.028       0.179      *
    N2                 0.074       0.066      0.118      -0.049       0.212

 A2       WITH
    SAV                0.048       0.024      0.015       0.005       0.099      *
    N2                -0.156       0.046      0.000      -0.257      -0.078      *

 SAV      WITH
    N2                -0.021       0.045      0.312      -0.112       0.065

 Means
    UGOD_C             4.084       0.061      0.000       3.965       4.203      *

 Intercepts
    IMP                3.715       0.509      0.000       2.722       4.721      *
    NEG_VAL            3.045       0.472      0.000       2.117       3.968      *
    TIP                3.413       0.611      0.000       2.212       4.619      *
    ADVER              4.241       0.603      0.000       3.048       5.420      *
    EKST               2.646       0.782      0.001       1.114       4.179      *
    A2                 7.349       0.602      0.000       6.174       8.538      *
    SAV                2.421       0.640      0.000       1.156       3.672      *
    N2                 1.961       1.149      0.044      -0.306       4.220
    OTV                1.507       0.936      0.054      -0.332       3.344
    SEU                0.484       0.861      0.285      -1.210       2.173

 Variances
    UGOD_C             0.322       0.051      0.000       0.241       0.441      *

 Residual Variances
    IMP                0.392       0.067      0.000       0.288       0.550      *
    NEG_VAL            0.351       0.057      0.000       0.261       0.485      *
    TIP                0.574       0.095      0.000       0.427       0.799      *
    ADVER              0.554       0.092      0.000       0.404       0.766      *
    EKST               0.293       0.051      0.000       0.211       0.411      *
    A2                 0.143       0.030      0.000       0.095       0.214      *
    SAV                0.192       0.035      0.000       0.136       0.274      *
    N2                 0.624       0.114      0.000       0.440       0.880      *
    OTV                0.428       0.075      0.000       0.310       0.599      *
    SEU                0.172       0.031      0.000       0.124       0.243      *


R-SQUARE

Between Level

                                Posterior  One-Tailed         95% C.I.
    Variable        Estimate       S.D.      P-Value   Lower 2.5%  Upper 2.5%

    IMP                0.167       0.074      0.000       0.044       0.329
    NEG_VAL            0.129       0.067      0.000       0.025       0.281
    TIP                0.131       0.067      0.000       0.026       0.285
    ADVER              0.154       0.072      0.000       0.037       0.314
    EKST               0.515       0.079      0.000       0.350       0.658
    A2                 0.683       0.067      0.000       0.535       0.796
    SAV                0.614       0.070      0.000       0.462       0.736
    N2                 0.508       0.081      0.000       0.338       0.655
    OTV                0.366       0.086      0.000       0.197       0.533
    SEU                0.702       0.059      0.000       0.571       0.800


TECHNICAL 1 OUTPUT


     PARAMETER SPECIFICATION FOR WITHIN


           NU
              IMP           NEG_VAL       TIP           ADVER         EKST
              ________      ________      ________      ________      ________
                    0             0             0             0             0


           NU
              A2            SAV           N2            OTV           SEU
              ________      ________      ________      ________      ________
                    0             0             0             0             0


           LAMBDA
              IMP           NEG_VAL       TIP           ADVER         EKST
              ________      ________      ________      ________      ________
 IMP                0             0             0             0             0
 NEG_VAL            0             0             0             0             0
 TIP                0             0             0             0             0
 ADVER              0             0             0             0             0
 EKST               0             0             0             0             0
 A2                 0             0             0             0             0
 SAV                0             0             0             0             0
 N2                 0             0             0             0             0
 OTV                0             0             0             0             0
 SEU                0             0             0             0             0


           LAMBDA
              A2            SAV           N2            OTV           SEU
              ________      ________      ________      ________      ________
 IMP                0             0             0             0             0
 NEG_VAL            0             0             0             0             0
 TIP                0             0             0             0             0
 ADVER              0             0             0             0             0
 EKST               0             0             0             0             0
 A2                 0             0             0             0             0
 SAV                0             0             0             0             0
 N2                 0             0             0             0             0
 OTV                0             0             0             0             0
 SEU                0             0             0             0             0


           THETA
              IMP           NEG_VAL       TIP           ADVER         EKST
              ________      ________      ________      ________      ________
 IMP                0
 NEG_VAL            0             0
 TIP                0             0             0
 ADVER              0             0             0             0
 EKST               0             0             0             0             0
 A2                 0             0             0             0             0
 SAV                0             0             0             0             0
 N2                 0             0             0             0             0
 OTV                0             0             0             0             0
 SEU                0             0             0             0             0


           THETA
              A2            SAV           N2            OTV           SEU
              ________      ________      ________      ________      ________
 A2                 0
 SAV                0             0
 N2                 0             0             0
 OTV                0             0             0             0
 SEU                0             0             0             0             0


           ALPHA
              IMP           NEG_VAL       TIP           ADVER         EKST
              ________      ________      ________      ________      ________
                    0             0             0             0             0


           ALPHA
              A2            SAV           N2            OTV           SEU
              ________      ________      ________      ________      ________
                    0             0             0             0             0


           BETA
              IMP           NEG_VAL       TIP           ADVER         EKST
              ________      ________      ________      ________      ________
 IMP                0             0             0             0             0
 NEG_VAL            0             0             0             0             0
 TIP                0             0             0             0             0
 ADVER              0             0             0             0             0
 EKST               0             0             0             0             0
 A2                 0             0             0             0             0
 SAV                0             0             0             0             0
 N2                 0             0             0             0             0
 OTV                0             0             0             0             0
 SEU                0             0             0             0             0


           BETA
              A2            SAV           N2            OTV           SEU
              ________      ________      ________      ________      ________
 IMP                0             0             0             0             0
 NEG_VAL            0             0             0             0             0
 TIP                0             0             0             0             0
 ADVER              0             0             0             0             0
 EKST               0             0             0             0             0
 A2                 0             0             0             0             0
 SAV                0             0             0             0             0
 N2                 0             0             0             0             0
 OTV                0             0             0             0             0
 SEU                0             0             0             0             0


           PSI
              IMP           NEG_VAL       TIP           ADVER         EKST
              ________      ________      ________      ________      ________
 IMP                1
 NEG_VAL            2             3
 TIP                4             5             6
 ADVER              7             8             9            10
 EKST              11            12            13            14            15
 A2                16            17            18            19            20
 SAV               22            23            24            25            26
 N2                29            30            31            32            33
 OTV               37            38            39            40            41
 SEU               46            47            48            49            50


           PSI
              A2            SAV           N2            OTV           SEU
              ________      ________      ________      ________      ________
 A2                21
 SAV               27            28
 N2                34            35            36
 OTV               42            43            44            45
 SEU               51            52            53            54            55


     PARAMETER SPECIFICATION FOR BETWEEN


           NU
              UGOD_C        IMP           NEG_VAL       TIP           ADVER
              ________      ________      ________      ________      ________
                    0             0             0             0             0


           NU
              EKST          A2            SAV           N2            OTV
              ________      ________      ________      ________      ________
                    0             0             0             0             0


           NU
              SEU
              ________
                    0


           LAMBDA
              UGOD_C        IMP           NEG_VAL       TIP           ADVER
              ________      ________      ________      ________      ________
 UGOD_C             0             0             0             0             0
 IMP                0             0             0             0             0
 NEG_VAL            0             0             0             0             0
 TIP                0             0             0             0             0
 ADVER              0             0             0             0             0
 EKST               0             0             0             0             0
 A2                 0             0             0             0             0
 SAV                0             0             0             0             0
 N2                 0             0             0             0             0
 OTV                0             0             0             0             0
 SEU                0             0             0             0             0


           LAMBDA
              EKST          A2            SAV           N2            OTV
              ________      ________      ________      ________      ________
 UGOD_C             0             0             0             0             0
 IMP                0             0             0             0             0
 NEG_VAL            0             0             0             0             0
 TIP                0             0             0             0             0
 ADVER              0             0             0             0             0
 EKST               0             0             0             0             0
 A2                 0             0             0             0             0
 SAV                0             0             0             0             0
 N2                 0             0             0             0             0
 OTV                0             0             0             0             0
 SEU                0             0             0             0             0


           LAMBDA
              SEU
              ________
 UGOD_C             0
 IMP                0
 NEG_VAL            0
 TIP                0
 ADVER              0
 EKST               0
 A2                 0
 SAV                0
 N2                 0
 OTV                0
 SEU                0


           THETA
              UGOD_C        IMP           NEG_VAL       TIP           ADVER
              ________      ________      ________      ________      ________
 UGOD_C             0
 IMP                0             0
 NEG_VAL            0             0             0
 TIP                0             0             0             0
 ADVER              0             0             0             0             0
 EKST               0             0             0             0             0
 A2                 0             0             0             0             0
 SAV                0             0             0             0             0
 N2                 0             0             0             0             0
 OTV                0             0             0             0             0
 SEU                0             0             0             0             0


           THETA
              EKST          A2            SAV           N2            OTV
              ________      ________      ________      ________      ________
 EKST               0
 A2                 0             0
 SAV                0             0             0
 N2                 0             0             0             0
 OTV                0             0             0             0             0
 SEU                0             0             0             0             0


           THETA
              SEU
              ________
 SEU                0


           ALPHA
              UGOD_C        IMP           NEG_VAL       TIP           ADVER
              ________      ________      ________      ________      ________
                   56            57            58            59            60


           ALPHA
              EKST          A2            SAV           N2            OTV
              ________      ________      ________      ________      ________
                   61            62            63            64            65


           ALPHA
              SEU
              ________
                   66


           BETA
              UGOD_C        IMP           NEG_VAL       TIP           ADVER
              ________      ________      ________      ________      ________
 UGOD_C             0             0             0             0             0
 IMP               67             0             0             0             0
 NEG_VAL           68             0             0             0             0
 TIP               69             0             0             0             0
 ADVER             70             0             0             0             0
 EKST               0            71            72            73            74
 A2                 0            75            76            77            78
 SAV                0            79            80            81            82
 N2                 0            83            84            85            86
 OTV                0            87             0            88            89
 SEU               90             0             0             0             0


           BETA
              EKST          A2            SAV           N2            OTV
              ________      ________      ________      ________      ________
 UGOD_C             0             0             0             0             0
 IMP                0             0             0             0             0
 NEG_VAL            0             0             0             0             0
 TIP                0             0             0             0             0
 ADVER              0             0             0             0             0
 EKST               0             0             0             0             0
 A2                 0             0             0             0             0
 SAV                0             0             0             0             0
 N2                 0             0             0             0             0
 OTV                0             0             0             0             0
 SEU               91            92            93            94            95


           BETA
              SEU
              ________
 UGOD_C             0
 IMP                0
 NEG_VAL            0
 TIP                0
 ADVER              0
 EKST               0
 A2                 0
 SAV                0
 N2                 0
 OTV                0
 SEU                0


           PSI
              UGOD_C        IMP           NEG_VAL       TIP           ADVER
              ________      ________      ________      ________      ________
 UGOD_C            96
 IMP                0            97
 NEG_VAL            0            98            99
 TIP                0           100           101           102
 ADVER              0           103           104           105           106
 EKST               0             0             0             0             0
 A2                 0             0             0             0             0
 SAV                0             0             0             0             0
 N2                 0             0             0             0             0
 OTV                0             0             0             0             0
 SEU                0             0             0             0             0


           PSI
              EKST          A2            SAV           N2            OTV
              ________      ________      ________      ________      ________
 EKST             107
 A2               108           109
 SAV              110           111           112
 N2               113           114           115           116
 OTV              117           118           119           120           121
 SEU                0             0             0             0             0


           PSI
              SEU
              ________
 SEU              122


     PARAMETER SPECIFICATION FOR THE ADDITIONAL PARAMETERS


           NEW/ADDITIONAL PARAMETERS
              UVE           UVU           UVS           UVN           UVO
              ________      ________      ________      ________      ________
                  123           124           125           126           127


           NEW/ADDITIONAL PARAMETERS
              UNVE          UNVU          UNVS          UNVN          UTE
              ________      ________      ________      ________      ________
                  128           129           130           131           132


           NEW/ADDITIONAL PARAMETERS
              UTU           UTS           UTN           UTO           UNE
              ________      ________      ________      ________      ________
                  133           134           135           136           137


           NEW/ADDITIONAL PARAMETERS
              UNU           UNS           UNN           UNO
              ________      ________      ________      ________
                  138           139           140           141


     STARTING VALUES FOR WITHIN


           NU
              IMP           NEG_VAL       TIP           ADVER         EKST
              ________      ________      ________      ________      ________
                0.000         0.000         0.000         0.000         0.000


           NU
              A2            SAV           N2            OTV           SEU
              ________      ________      ________      ________      ________
                0.000         0.000         0.000         0.000         0.000


           LAMBDA
              IMP           NEG_VAL       TIP           ADVER         EKST
              ________      ________      ________      ________      ________
 IMP            1.000         0.000         0.000         0.000         0.000
 NEG_VAL        0.000         1.000         0.000         0.000         0.000
 TIP            0.000         0.000         1.000         0.000         0.000
 ADVER          0.000         0.000         0.000         1.000         0.000
 EKST           0.000         0.000         0.000         0.000         1.000
 A2             0.000         0.000         0.000         0.000         0.000
 SAV            0.000         0.000         0.000         0.000         0.000
 N2             0.000         0.000         0.000         0.000         0.000
 OTV            0.000         0.000         0.000         0.000         0.000
 SEU            0.000         0.000         0.000         0.000         0.000


           LAMBDA
              A2            SAV           N2            OTV           SEU
              ________      ________      ________      ________      ________
 IMP            0.000         0.000         0.000         0.000         0.000
 NEG_VAL        0.000         0.000         0.000         0.000         0.000
 TIP            0.000         0.000         0.000         0.000         0.000
 ADVER          0.000         0.000         0.000         0.000         0.000
 EKST           0.000         0.000         0.000         0.000         0.000
 A2             1.000         0.000         0.000         0.000         0.000
 SAV            0.000         1.000         0.000         0.000         0.000
 N2             0.000         0.000         1.000         0.000         0.000
 OTV            0.000         0.000         0.000         1.000         0.000
 SEU            0.000         0.000         0.000         0.000         1.000


           THETA
              IMP           NEG_VAL       TIP           ADVER         EKST
              ________      ________      ________      ________      ________
 IMP            0.000
 NEG_VAL        0.000         0.000
 TIP            0.000         0.000         0.000
 ADVER          0.000         0.000         0.000         0.000
 EKST           0.000         0.000         0.000         0.000         0.000
 A2             0.000         0.000         0.000         0.000         0.000
 SAV            0.000         0.000         0.000         0.000         0.000
 N2             0.000         0.000         0.000         0.000         0.000
 OTV            0.000         0.000         0.000         0.000         0.000
 SEU            0.000         0.000         0.000         0.000         0.000


           THETA
              A2            SAV           N2            OTV           SEU
              ________      ________      ________      ________      ________
 A2             0.000
 SAV            0.000         0.000
 N2             0.000         0.000         0.000
 OTV            0.000         0.000         0.000         0.000
 SEU            0.000         0.000         0.000         0.000         0.000


           ALPHA
              IMP           NEG_VAL       TIP           ADVER         EKST
              ________      ________      ________      ________      ________
                0.000         0.000         0.000         0.000         0.000


           ALPHA
              A2            SAV           N2            OTV           SEU
              ________      ________      ________      ________      ________
                0.000         0.000         0.000         0.000         0.000


           BETA
              IMP           NEG_VAL       TIP           ADVER         EKST
              ________      ________      ________      ________      ________
 IMP            0.000         0.000         0.000         0.000         0.000
 NEG_VAL        0.000         0.000         0.000         0.000         0.000
 TIP            0.000         0.000         0.000         0.000         0.000
 ADVER          0.000         0.000         0.000         0.000         0.000
 EKST           0.000         0.000         0.000         0.000         0.000
 A2             0.000         0.000         0.000         0.000         0.000
 SAV            0.000         0.000         0.000         0.000         0.000
 N2             0.000         0.000         0.000         0.000         0.000
 OTV            0.000         0.000         0.000         0.000         0.000
 SEU            0.000         0.000         0.000         0.000         0.000


           BETA
              A2            SAV           N2            OTV           SEU
              ________      ________      ________      ________      ________
 IMP            0.000         0.000         0.000         0.000         0.000
 NEG_VAL        0.000         0.000         0.000         0.000         0.000
 TIP            0.000         0.000         0.000         0.000         0.000
 ADVER          0.000         0.000         0.000         0.000         0.000
 EKST           0.000         0.000         0.000         0.000         0.000
 A2             0.000         0.000         0.000         0.000         0.000
 SAV            0.000         0.000         0.000         0.000         0.000
 N2             0.000         0.000         0.000         0.000         0.000
 OTV            0.000         0.000         0.000         0.000         0.000
 SEU            0.000         0.000         0.000         0.000         0.000


           PSI
              IMP           NEG_VAL       TIP           ADVER         EKST
              ________      ________      ________      ________      ________
 IMP            0.495
 NEG_VAL        0.000         0.350
 TIP            0.000         0.000         0.675
 ADVER          0.000         0.000         0.000         0.740
 EKST           0.000         0.000         0.000         0.000         0.527
 A2             0.000         0.000         0.000         0.000         0.000
 SAV            0.000         0.000         0.000         0.000         0.000
 N2             0.000         0.000         0.000         0.000         0.000
 OTV            0.000         0.000         0.000         0.000         0.000
 SEU            0.000         0.000         0.000         0.000         0.000


           PSI
              A2            SAV           N2            OTV           SEU
              ________      ________      ________      ________      ________
 A2             0.623
 SAV            0.000         0.418
 N2             0.000         0.000         1.206
 OTV            0.000         0.000         0.000         0.608
 SEU            0.000         0.000         0.000         0.000         0.504


     STARTING VALUES FOR BETWEEN


           NU
              UGOD_C        IMP           NEG_VAL       TIP           ADVER
              ________      ________      ________      ________      ________
                0.000         0.000         0.000         0.000         0.000


           NU
              EKST          A2            SAV           N2            OTV
              ________      ________      ________      ________      ________
                0.000         0.000         0.000         0.000         0.000


           NU
              SEU
              ________
                0.000


           LAMBDA
              UGOD_C        IMP           NEG_VAL       TIP           ADVER
              ________      ________      ________      ________      ________
 UGOD_C         1.000         0.000         0.000         0.000         0.000
 IMP            0.000         1.000         0.000         0.000         0.000
 NEG_VAL        0.000         0.000         1.000         0.000         0.000
 TIP            0.000         0.000         0.000         1.000         0.000
 ADVER          0.000         0.000         0.000         0.000         1.000
 EKST           0.000         0.000         0.000         0.000         0.000
 A2             0.000         0.000         0.000         0.000         0.000
 SAV            0.000         0.000         0.000         0.000         0.000
 N2             0.000         0.000         0.000         0.000         0.000
 OTV            0.000         0.000         0.000         0.000         0.000
 SEU            0.000         0.000         0.000         0.000         0.000


           LAMBDA
              EKST          A2            SAV           N2            OTV
              ________      ________      ________      ________      ________
 UGOD_C         0.000         0.000         0.000         0.000         0.000
 IMP            0.000         0.000         0.000         0.000         0.000
 NEG_VAL        0.000         0.000         0.000         0.000         0.000
 TIP            0.000         0.000         0.000         0.000         0.000
 ADVER          0.000         0.000         0.000         0.000         0.000
 EKST           1.000         0.000         0.000         0.000         0.000
 A2             0.000         1.000         0.000         0.000         0.000
 SAV            0.000         0.000         1.000         0.000         0.000
 N2             0.000         0.000         0.000         1.000         0.000
 OTV            0.000         0.000         0.000         0.000         1.000
 SEU            0.000         0.000         0.000         0.000         0.000


           LAMBDA
              SEU
              ________
 UGOD_C         0.000
 IMP            0.000
 NEG_VAL        0.000
 TIP            0.000
 ADVER          0.000
 EKST           0.000
 A2             0.000
 SAV            0.000
 N2             0.000
 OTV            0.000
 SEU            1.000


           THETA
              UGOD_C        IMP           NEG_VAL       TIP           ADVER
              ________      ________      ________      ________      ________
 UGOD_C         0.000
 IMP            0.000         0.000
 NEG_VAL        0.000         0.000         0.000
 TIP            0.000         0.000         0.000         0.000
 ADVER          0.000         0.000         0.000         0.000         0.000
 EKST           0.000         0.000         0.000         0.000         0.000
 A2             0.000         0.000         0.000         0.000         0.000
 SAV            0.000         0.000         0.000         0.000         0.000
 N2             0.000         0.000         0.000         0.000         0.000
 OTV            0.000         0.000         0.000         0.000         0.000
 SEU            0.000         0.000         0.000         0.000         0.000


           THETA
              EKST          A2            SAV           N2            OTV
              ________      ________      ________      ________      ________
 EKST           0.000
 A2             0.000         0.000
 SAV            0.000         0.000         0.000
 N2             0.000         0.000         0.000         0.000
 OTV            0.000         0.000         0.000         0.000         0.000
 SEU            0.000         0.000         0.000         0.000         0.000


           THETA
              SEU
              ________
 SEU            0.000


           ALPHA
              UGOD_C        IMP           NEG_VAL       TIP           ADVER
              ________      ________      ________      ________      ________
                4.078         5.734         1.406         5.515         1.957


           ALPHA
              EKST          A2            SAV           N2            OTV
              ________      ________      ________      ________      ________
                5.910         6.476         6.114         2.221         5.565


           ALPHA
              SEU
              ________
                5.781


           BETA
              UGOD_C        IMP           NEG_VAL       TIP           ADVER
              ________      ________      ________      ________      ________
 UGOD_C         0.000         0.000         0.000         0.000         0.000
 IMP            0.000         0.000         0.000         0.000         0.000
 NEG_VAL        0.000         0.000         0.000         0.000         0.000
 TIP            0.000         0.000         0.000         0.000         0.000
 ADVER          0.000         0.000         0.000         0.000         0.000
 EKST           0.000         0.000         0.000         0.000         0.000
 A2             0.000         0.000         0.000         0.000         0.000
 SAV            0.000         0.000         0.000         0.000         0.000
 N2             0.000         0.000         0.000         0.000         0.000
 OTV            0.000         0.000         0.000         0.000         0.000
 SEU            0.000         0.000         0.000         0.000         0.000


           BETA
              EKST          A2            SAV           N2            OTV
              ________      ________      ________      ________      ________
 UGOD_C         0.000         0.000         0.000         0.000         0.000
 IMP            0.000         0.000         0.000         0.000         0.000
 NEG_VAL        0.000         0.000         0.000         0.000         0.000
 TIP            0.000         0.000         0.000         0.000         0.000
 ADVER          0.000         0.000         0.000         0.000         0.000
 EKST           0.000         0.000         0.000         0.000         0.000
 A2             0.000         0.000         0.000         0.000         0.000
 SAV            0.000         0.000         0.000         0.000         0.000
 N2             0.000         0.000         0.000         0.000         0.000
 OTV            0.000         0.000         0.000         0.000         0.000
 SEU            0.000         0.000         0.000         0.000         0.000


           BETA
              SEU
              ________
 UGOD_C         0.000
 IMP            0.000
 NEG_VAL        0.000
 TIP            0.000
 ADVER          0.000
 EKST           0.000
 A2             0.000
 SAV            0.000
 N2             0.000
 OTV            0.000
 SEU            0.000


           PSI
              UGOD_C        IMP           NEG_VAL       TIP           ADVER
              ________      ________      ________      ________      ________
 UGOD_C         0.157
 IMP            0.000         0.495
 NEG_VAL        0.000         0.000         0.350
 TIP            0.000         0.000         0.000         0.675
 ADVER          0.000         0.000         0.000         0.000         0.740
 EKST           0.000         0.000         0.000         0.000         0.000
 A2             0.000         0.000         0.000         0.000         0.000
 SAV            0.000         0.000         0.000         0.000         0.000
 N2             0.000         0.000         0.000         0.000         0.000
 OTV            0.000         0.000         0.000         0.000         0.000
 SEU            0.000         0.000         0.000         0.000         0.000


           PSI
              EKST          A2            SAV           N2            OTV
              ________      ________      ________      ________      ________
 EKST           0.527
 A2             0.000         0.623
 SAV            0.000         0.000         0.418
 N2             0.000         0.000         0.000         1.206
 OTV            0.000         0.000         0.000         0.000         0.608
 SEU            0.000         0.000         0.000         0.000         0.000


           PSI
              SEU
              ________
 SEU            0.504


     STARTING VALUES FOR THE ADDITIONAL PARAMETERS


           NEW/ADDITIONAL PARAMETERS
              UVE           UVU           UVS           UVN           UVO
              ________      ________      ________      ________      ________
                0.500         0.500         0.500         0.500         0.500


           NEW/ADDITIONAL PARAMETERS
              UNVE          UNVU          UNVS          UNVN          UTE
              ________      ________      ________      ________      ________
                0.500         0.500         0.500         0.500         0.500


           NEW/ADDITIONAL PARAMETERS
              UTU           UTS           UTN           UTO           UNE
              ________      ________      ________      ________      ________
                0.500         0.500         0.500         0.500         0.500


           NEW/ADDITIONAL PARAMETERS
              UNU           UNS           UNN           UNO
              ________      ________      ________      ________
                0.500         0.500         0.500         0.500



     PRIORS FOR ALL PARAMETERS            PRIOR MEAN      PRIOR VARIANCE     PRIOR STD. DEV.

     Parameter 1~N(0.000,infinity)           0.0000            infinity            infinity
     Parameter 2~N(0.000,infinity)           0.0000            infinity            infinity
     Parameter 3~N(0.000,infinity)           0.0000            infinity            infinity
     Parameter 4~N(0.000,infinity)           0.0000            infinity            infinity
     Parameter 5~N(0.000,infinity)           0.0000            infinity            infinity
     Parameter 6~N(0.000,infinity)           0.0000            infinity            infinity
     Parameter 7~N(0.000,infinity)           0.0000            infinity            infinity
     Parameter 8~N(0.000,infinity)           0.0000            infinity            infinity
     Parameter 9~N(0.000,infinity)           0.0000            infinity            infinity
     Parameter 10~N(0.000,infinity)          0.0000            infinity            infinity
     Parameter 11~N(0.000,infinity)          0.0000            infinity            infinity
     Parameter 12~N(0.000,infinity)          0.0000            infinity            infinity
     Parameter 13~N(0.000,infinity)          0.0000            infinity            infinity
     Parameter 14~N(0.000,infinity)          0.0000            infinity            infinity
     Parameter 15~N(0.000,infinity)          0.0000            infinity            infinity
     Parameter 16~N(0.000,infinity)          0.0000            infinity            infinity
     Parameter 17~N(0.000,infinity)          0.0000            infinity            infinity
     Parameter 18~N(0.000,infinity)          0.0000            infinity            infinity
     Parameter 19~N(0.000,infinity)          0.0000            infinity            infinity
     Parameter 20~N(0.000,infinity)          0.0000            infinity            infinity
     Parameter 21~N(0.000,infinity)          0.0000            infinity            infinity
     Parameter 22~N(0.000,infinity)          0.0000            infinity            infinity
     Parameter 23~N(0.000,infinity)          0.0000            infinity            infinity
     Parameter 24~N(0.000,infinity)          0.0000            infinity            infinity
     Parameter 25~N(0.000,infinity)          0.0000            infinity            infinity
     Parameter 26~N(0.000,infinity)          0.0000            infinity            infinity
     Parameter 27~N(0.000,infinity)          0.0000            infinity            infinity
     Parameter 28~N(0.000,infinity)          0.0000            infinity            infinity
     Parameter 29~N(0.000,infinity)          0.0000            infinity            infinity
     Parameter 30~N(0.000,infinity)          0.0000            infinity            infinity
     Parameter 31~N(0.000,infinity)          0.0000            infinity            infinity
     Parameter 32~N(0.000,infinity)          0.0000            infinity            infinity
     Parameter 33~N(0.000,infinity)          0.0000            infinity            infinity
     Parameter 34~N(0.000,infinity)          0.0000            infinity            infinity
     Parameter 35~N(0.000,infinity)          0.0000            infinity            infinity
     Parameter 36~N(0.000,infinity)          0.0000            infinity            infinity
     Parameter 37~N(0.000,infinity)          0.0000            infinity            infinity
     Parameter 38~N(0.000,infinity)          0.0000            infinity            infinity
     Parameter 39~N(0.000,infinity)          0.0000            infinity            infinity
     Parameter 40~N(0.000,infinity)          0.0000            infinity            infinity
     Parameter 41~N(0.000,infinity)          0.0000            infinity            infinity
     Parameter 42~N(0.000,infinity)          0.0000            infinity            infinity
     Parameter 43~N(0.000,infinity)          0.0000            infinity            infinity
     Parameter 44~N(0.000,infinity)          0.0000            infinity            infinity
     Parameter 45~N(0.000,infinity)          0.0000            infinity            infinity
     Parameter 46~N(0.000,infinity)          0.0000            infinity            infinity
     Parameter 47~N(0.000,infinity)          0.0000            infinity            infinity
     Parameter 48~N(0.000,infinity)          0.0000            infinity            infinity
     Parameter 49~N(0.000,infinity)          0.0000            infinity            infinity
     Parameter 50~N(0.000,infinity)          0.0000            infinity            infinity
     Parameter 51~N(0.000,infinity)          0.0000            infinity            infinity
     Parameter 52~N(0.000,infinity)          0.0000            infinity            infinity
     Parameter 53~N(0.000,infinity)          0.0000            infinity            infinity
     Parameter 54~N(0.000,infinity)          0.0000            infinity            infinity
     Parameter 55~N(0.000,infinity)          0.0000            infinity            infinity
     Parameter 56~N(0.000,infinity)          0.0000            infinity            infinity
     Parameter 57~N(0.000,infinity)          0.0000            infinity            infinity
     Parameter 58~N(0.000,infinity)          0.0000            infinity            infinity
     Parameter 59~N(0.000,infinity)          0.0000            infinity            infinity
     Parameter 60~N(0.000,infinity)          0.0000            infinity            infinity
     Parameter 61~N(0.000,infinity)          0.0000            infinity            infinity
     Parameter 62~N(0.000,infinity)          0.0000            infinity            infinity
     Parameter 63~N(0.000,infinity)          0.0000            infinity            infinity
     Parameter 64~N(0.000,infinity)          0.0000            infinity            infinity
     Parameter 65~N(0.000,infinity)          0.0000            infinity            infinity
     Parameter 66~N(0.000,infinity)          0.0000            infinity            infinity
     Parameter 67~N(0.000,infinity)          0.0000            infinity            infinity
     Parameter 68~N(0.000,infinity)          0.0000            infinity            infinity
     Parameter 69~N(0.000,infinity)          0.0000            infinity            infinity
     Parameter 70~N(0.000,infinity)          0.0000            infinity            infinity
     Parameter 71~N(0.000,infinity)          0.0000            infinity            infinity
     Parameter 72~N(0.000,infinity)          0.0000            infinity            infinity
     Parameter 73~N(0.000,infinity)          0.0000            infinity            infinity
     Parameter 74~N(0.000,infinity)          0.0000            infinity            infinity
     Parameter 75~N(0.000,infinity)          0.0000            infinity            infinity
     Parameter 76~N(0.000,infinity)          0.0000            infinity            infinity
     Parameter 77~N(0.000,infinity)          0.0000            infinity            infinity
     Parameter 78~N(0.000,infinity)          0.0000            infinity            infinity
     Parameter 79~N(0.000,infinity)          0.0000            infinity            infinity
     Parameter 80~N(0.000,infinity)          0.0000            infinity            infinity
     Parameter 81~N(0.000,infinity)          0.0000            infinity            infinity
     Parameter 82~N(0.000,infinity)          0.0000            infinity            infinity
     Parameter 83~N(0.000,infinity)          0.0000            infinity            infinity
     Parameter 84~N(0.000,infinity)          0.0000            infinity            infinity
     Parameter 85~N(0.000,infinity)          0.0000            infinity            infinity
     Parameter 86~N(0.000,infinity)          0.0000            infinity            infinity
     Parameter 87~N(0.000,infinity)          0.0000            infinity            infinity
     Parameter 88~N(0.000,infinity)          0.0000            infinity            infinity
     Parameter 89~N(0.000,infinity)          0.0000            infinity            infinity
     Parameter 90~N(0.000,infinity)          0.0000            infinity            infinity
     Parameter 91~N(0.000,infinity)          0.0000            infinity            infinity
     Parameter 92~N(0.000,infinity)          0.0000            infinity            infinity
     Parameter 93~N(0.000,infinity)          0.0000            infinity            infinity
     Parameter 94~N(0.000,infinity)          0.0000            infinity            infinity
     Parameter 95~N(0.000,infinity)          0.0000            infinity            infinity
     Parameter 96~IG(-1.000,0.000)         infinity            infinity            infinity
     Parameter 97~N(0.000,infinity)          0.0000            infinity            infinity
     Parameter 98~N(0.000,infinity)          0.0000            infinity            infinity
     Parameter 99~N(0.000,infinity)          0.0000            infinity            infinity
     Parameter 100~N(0.000,infinity)         0.0000            infinity            infinity
     Parameter 101~N(0.000,infinity)         0.0000            infinity            infinity
     Parameter 102~N(0.000,infinity)         0.0000            infinity            infinity
     Parameter 103~N(0.000,infinity)         0.0000            infinity            infinity
     Parameter 104~N(0.000,infinity)         0.0000            infinity            infinity
     Parameter 105~N(0.000,infinity)         0.0000            infinity            infinity
     Parameter 106~N(0.000,infinity)         0.0000            infinity            infinity
     Parameter 107~N(0.000,infinity)         0.0000            infinity            infinity
     Parameter 108~N(0.000,infinity)         0.0000            infinity            infinity
     Parameter 109~N(0.000,infinity)         0.0000            infinity            infinity
     Parameter 110~N(0.000,infinity)         0.0000            infinity            infinity
     Parameter 111~N(0.000,infinity)         0.0000            infinity            infinity
     Parameter 112~N(0.000,infinity)         0.0000            infinity            infinity
     Parameter 113~N(0.000,infinity)         0.0000            infinity            infinity
     Parameter 114~N(0.000,infinity)         0.0000            infinity            infinity
     Parameter 115~N(0.000,infinity)         0.0000            infinity            infinity
     Parameter 116~N(0.000,infinity)         0.0000            infinity            infinity
     Parameter 117~N(0.000,infinity)         0.0000            infinity            infinity
     Parameter 118~N(0.000,infinity)         0.0000            infinity            infinity
     Parameter 119~N(0.000,infinity)         0.0000            infinity            infinity
     Parameter 120~N(0.000,infinity)         0.0000            infinity            infinity
     Parameter 121~N(0.000,infinity)         0.0000            infinity            infinity
     Parameter 122~IG(-1.000,0.000)        infinity            infinity            infinity


TECHNICAL 8 OUTPUT


   TECHNICAL 8 OUTPUT FOR BAYES ESTIMATION

     PROCESSOR    BSEED
     1            0
     2            285380
     3            253358
     4            93468
     5            608496
     6            903420
     7            195873
     8            462953
     9            939021
     10           127215
     11           415931
     12           533738

                     POTENTIAL       PARAMETER WITH
     ITERATION    SCALE REDUCTION      HIGHEST PSR
     100             18.538               116
     200              3.549               117
     300              2.397               116
     400              1.711               120
     500              1.625               49
     600              1.658               53
     700              1.492               29
     800              1.511               113
     900              1.516               113
     1000             1.483               105
     1100             1.580               105
     1200             1.408               105
     1300             1.250               9
     1400             1.312               9
     1500             1.371               9
     1600             1.477               9
     1700             1.436               9
     1800             1.251               9
     1900             1.237               105
     2000             1.258               107
     2100             1.265               107
     2200             1.233               107
     2300             1.273               107
     2400             1.300               46
     2500             1.264               46
     2600             1.257               104
     2700             1.214               104
     2800             1.150               104
     2900             1.146               104
     3000             1.173               104
     3100             1.182               104
     3200             1.208               104
     3300             1.234               104
     3400             1.294               104
     3500             1.321               104
     3600             1.322               106
     3700             1.267               106
     3800             1.251               106
     3900             1.198               106
     4000             1.176               51
     4100             1.162               51
     4200             1.186               51
     4300             1.198               51
     4400             1.208               51
     4500             1.204               51
     4600             1.176               51
     4700             1.214               116
     4800             1.236               116
     4900             1.251               116
     5000             1.269               116
     5100             1.309               116
     5200             1.315               116
     5300             1.333               116
     5400             1.359               116
     5500             1.328               116
     5600             1.298               116
     5700             1.282               116
     5800             1.272               116
     5900             1.217               116
     6000             1.190               116
     6100             1.178               116
     6200             1.161               116
     6300             1.131               116
     6400             1.109               116
     6500             1.103               116
     6600             1.091               99
     6700             1.095               104
     6800             1.115               104
     6900             1.107               104
     7000             1.092               98
     7100             1.084               98
     7200             1.075               107
     7300             1.090               107
     7400             1.101               107
     7500             1.107               107
     7600             1.098               107
     7700             1.083               107
     7800             1.091               107
     7900             1.102               107
     8000             1.101               107
     8100             1.107               107
     8200             1.111               107
     8300             1.125               107
     8400             1.124               107
     8500             1.115               116
     8600             1.101               116
     8700             1.093               116
     8800             1.094               116
     8900             1.095               116
     9000             1.094               116
     9100             1.088               116
     9200             1.081               116
     9300             1.073               116
     9400             1.063               49
     9500             1.062               49
     9600             1.062               49
     9700             1.063               49
     9800             1.061               49
     9900             1.063               53
     10000            1.066               53
     10100            1.067               49
     10200            1.069               49
     10300            1.073               49
     10400            1.079               7
     10500            1.090               7
     10600            1.091               7
     10700            1.089               7
     10800            1.086               7
     10900            1.081               7
     11000            1.075               7
     11100            1.072               7
     11200            1.060               7
     11300            1.054               99
     11400            1.057               99
     11500            1.053               99
     11600            1.061               99
     11700            1.062               99
     11800            1.059               99
     11900            1.058               108
     12000            1.053               108
     12100            1.051               108
     12200            1.052               108
     12300            1.056               108
     12400            1.055               108
     12500            1.056               108
     12600            1.056               107
     12700            1.051               107
     12800            1.051               110
     12900            1.051               99
     13000            1.050               99
     13100            1.050               99
     13200            1.050               108
     13300            1.047               108
     13400            1.046               99
     13500            1.048               100
     13600            1.047               100
     13700            1.045               100
     13800            1.049               100
     13900            1.051               100
     14000            1.053               100
     14100            1.055               100
     14200            1.056               100
     14300            1.059               100
     14400            1.054               100
     14500            1.048               99
     14600            1.050               99
     14700            1.046               99
     14800            1.045               99
     14900            1.038               100
     15000            1.038               99
     15100            1.037               99
     15200            1.034               43
     15300            1.037               43
     15400            1.039               43
     15500            1.039               43
     15600            1.038               43
     15700            1.037               43
     15800            1.038               43
     15900            1.040               107
     16000            1.044               107
     16100            1.045               107
     16200            1.050               107
     16300            1.056               107
     16400            1.059               107
     16500            1.057               107
     16600            1.051               107
     16700            1.049               107
     16800            1.045               107
     16900            1.045               107
     17000            1.041               107
     17100            1.042               107
     17200            1.045               107
     17300            1.048               107
     17400            1.052               107
     17500            1.054               107
     17600            1.051               107
     17700            1.049               107
     17800            1.048               107
     17900            1.048               107
     18000            1.053               107
     18100            1.055               107
     18200            1.057               107
     18300            1.059               107
     18400            1.052               107
     18500            1.047               107
     18600            1.045               110
     18700            1.043               110
     18800            1.039               110
     18900            1.034               22
     19000            1.035               110
     19100            1.033               110
     19200            1.033               107
     19300            1.034               22
     19400            1.037               24
     19500            1.036               24
     19600            1.036               107
     19700            1.038               106
     19800            1.039               106
     19900            1.041               106
     20000            1.041               106
     20100            1.041               106
     20200            1.043               106
     20300            1.044               106
     20400            1.045               106
     20500            1.048               106
     20600            1.049               106
     20700            1.052               106
     20800            1.051               106
     20900            1.048               106
     21000            1.051               106
     21100            1.054               106
     21200            1.057               106
     21300            1.061               106
     21400            1.064               106
     21500            1.064               106
     21600            1.065               106
     21700            1.063               106
     21800            1.064               106
     21900            1.056               106
     22000            1.050               104
     22100            1.044               104
     22200            1.039               107
     22300            1.038               107
     22400            1.034               107
     22500            1.034               106
     22600            1.033               106
     22700            1.030               106
     22800            1.029               106
     22900            1.027               106
     23000            1.027               106
     23100            1.028               106
     23200            1.029               106
     23300            1.030               106
     23400            1.028               106
     23500            1.029               106
     23600            1.030               106
     23700            1.031               106
     23800            1.032               106
     23900            1.034               106
     24000            1.032               106
     24100            1.031               106
     24200            1.028               106
     24300            1.028               106
     24400            1.027               106
     24500            1.025               106
     24600            1.023               106
     24700            1.021               106
     24800            1.022               106
     24900            1.020               100
     25000            1.020               100
     25100            1.019               100
     25200            1.018               106
     25300            1.019               106
     25400            1.020               106
     25500            1.019               106
     25600            1.018               106
     25700            1.017               106
     25800            1.017               106
     25900            1.017               106
     26000            1.016               106
     26100            1.015               106
     26200            1.015               106
     26300            1.014               100
     26400            1.015               100
     26500            1.013               100
     26600            1.012               100
     26700            1.011               100
     26800            1.009               100
     26900            1.007               40
     27000            1.009               10
     27100            1.012               10
     27200            1.014               10
     27300            1.015               10
     27400            1.014               10
     27500            1.013               10
     27600            1.012               10
     27700            1.012               10
     27800            1.013               10
     27900            1.013               10
     28000            1.015               10
     28100            1.016               10
     28200            1.016               10
     28300            1.015               10
     28400            1.013               10
     28500            1.013               40
     28600            1.014               40
     28700            1.016               40
     28800            1.015               40
     28900            1.013               40
     29000            1.012               106
     29100            1.013               106
     29200            1.015               106
     29300            1.014               106
     29400            1.012               106
     29500            1.012               106
     29600            1.013               106
     29700            1.013               106
     29800            1.012               106
     29900            1.012               106
     30000            1.010               106
     30100            1.010               106
     30200            1.009               110
     30300            1.009               110
     30400            1.009               110
     30500            1.009               110
     30600            1.009               40
     30700            1.010               110
     30800            1.010               110
     30900            1.010               110
     31000            1.010               110
     31100            1.010               110
     31200            1.009               110
     31300            1.009               110
     31400            1.010               110
     31500            1.011               110
     31600            1.012               110
     31700            1.014               110
     31800            1.015               110
     31900            1.017               110
     32000            1.018               110
     32100            1.019               110
     32200            1.020               110
     32300            1.022               110
     32400            1.024               110
     32500            1.024               110
     32600            1.026               110
     32700            1.026               110
     32800            1.024               110
     32900            1.021               110
     33000            1.021               110
     33100            1.021               110
     33200            1.020               7
     33300            1.021               7
     33400            1.022               7
     33500            1.023               7
     33600            1.024               7
     33700            1.024               7
     33800            1.022               7
     33900            1.022               7
     34000            1.021               7
     34100            1.021               7
     34200            1.022               7
     34300            1.021               7
     34400            1.020               7
     34500            1.021               7
     34600            1.023               7
     34700            1.024               7
     34800            1.025               7
     34900            1.025               7
     35000            1.025               7
     35100            1.026               7
     35200            1.028               7
     35300            1.029               7
     35400            1.031               7
     35500            1.032               7
     35600            1.035               7
     35700            1.037               7
     35800            1.036               7
     35900            1.035               7
     36000            1.035               7
     36100            1.034               7
     36200            1.034               7
     36300            1.033               7
     36400            1.032               7
     36500            1.033               7
     36600            1.033               7
     36700            1.032               7
     36800            1.031               7
     36900            1.032               7
     37000            1.032               7
     37100            1.033               7
     37200            1.033               7
     37300            1.032               7
     37400            1.031               9
     37500            1.032               9
     37600            1.031               9
     37700            1.031               9
     37800            1.032               9
     37900            1.032               9
     38000            1.032               9
     38100            1.032               9
     38200            1.033               9
     38300            1.032               9
     38400            1.034               9
     38500            1.037               9
     38600            1.039               9
     38700            1.039               9
     38800            1.037               9
     38900            1.034               9
     39000            1.031               9
     39100            1.031               7
     39200            1.030               9
     39300            1.029               9
     39400            1.028               9
     39500            1.027               9
     39600            1.026               7
     39700            1.027               7
     39800            1.026               9
     39900            1.024               9
     40000            1.023               7
     40100            1.024               118
     40200            1.023               118
     40300            1.023               118
     40400            1.022               118
     40500            1.021               118
     40600            1.021               7
     40700            1.021               9
     40800            1.021               9
     40900            1.023               9
     41000            1.025               9
     41100            1.025               9
     41200            1.026               9
     41300            1.026               9
     41400            1.026               9
     41500            1.026               9
     41600            1.026               9
     41700            1.025               9
     41800            1.025               9
     41900            1.024               7
     42000            1.025               9
     42100            1.025               7
     42200            1.024               7
     42300            1.024               7
     42400            1.023               7
     42500            1.023               7
     42600            1.023               7
     42700            1.023               7
     42800            1.022               7
     42900            1.022               7
     43000            1.021               7
     43100            1.021               7
     43200            1.020               7
     43300            1.019               9
     43400            1.018               9
     43500            1.018               9
     43600            1.017               9
     43700            1.016               9
     43800            1.016               9
     43900            1.016               9
     44000            1.016               9
     44100            1.016               9
     44200            1.017               9
     44300            1.017               9
     44400            1.017               9
     44500            1.017               9
     44600            1.017               9
     44700            1.016               9
     44800            1.015               9
     44900            1.014               9
     45000            1.014               9
     45100            1.013               9
     45200            1.013               9
     45300            1.014               9
     45400            1.014               105
     45500            1.016               105
     45600            1.016               105
     45700            1.018               105
     45800            1.019               105
     45900            1.020               105
     46000            1.022               105
     46100            1.024               105
     46200            1.025               105
     46300            1.026               105
     46400            1.027               105
     46500            1.028               105
     46600            1.027               105
     46700            1.025               105
     46800            1.024               105
     46900            1.023               105
     47000            1.022               105
     47100            1.020               105
     47200            1.019               105
     47300            1.017               105
     47400            1.017               105
     47500            1.018               105
     47600            1.018               105
     47700            1.017               105
     47800            1.017               105
     47900            1.016               105
     48000            1.016               105
     48100            1.017               105
     48200            1.017               105
     48300            1.018               105
     48400            1.019               105
     48500            1.019               105
     48600            1.021               105
     48700            1.021               105
     48800            1.022               105
     48900            1.023               105
     49000            1.023               105
     49100            1.024               105
     49200            1.024               105
     49300            1.023               105
     49400            1.021               105
     49500            1.020               105
     49600            1.020               105
     49700            1.021               105
     49800            1.021               105
     49900            1.020               105
     50000            1.021               105
     50100            1.021               105
     50200            1.022               105
     50300            1.022               105
     50400            1.021               105
     50500            1.021               105
     50600            1.020               105
     50700            1.021               105
     50800            1.021               105
     50900            1.021               105
     51000            1.020               105
     51100            1.020               105
     51200            1.020               105
     51300            1.021               105
     51400            1.022               105
     51500            1.022               105
     51600            1.022               105
     51700            1.022               105
     51800            1.021               105
     51900            1.022               105
     52000            1.022               105
     52100            1.023               105
     52200            1.023               105
     52300            1.023               105
     52400            1.022               105
     52500            1.022               105
     52600            1.022               105
     52700            1.023               105
     52800            1.023               105
     52900            1.022               105
     53000            1.021               105
     53100            1.020               105
     53200            1.020               105
     53300            1.019               105
     53400            1.019               105
     53500            1.019               105
     53600            1.018               105
     53700            1.018               105
     53800            1.017               105
     53900            1.017               105
     54000            1.017               105
     54100            1.016               105
     54200            1.016               105
     54300            1.015               105
     54400            1.014               105
     54500            1.014               105
     54600            1.013               105
     54700            1.014               105
     54800            1.014               105
     54900            1.014               105
     55000            1.014               105
     55100            1.014               105
     55200            1.013               105
     55300            1.012               105
     55400            1.012               105
     55500            1.013               105
     55600            1.013               105
     55700            1.014               105
     55800            1.014               105
     55900            1.013               105
     56000            1.012               105
     56100            1.012               105
     56200            1.011               105
     56300            1.011               105
     56400            1.011               105
     56500            1.010               105
     56600            1.010               105
     56700            1.010               105
     56800            1.010               105
     56900            1.010               116
     57000            1.009               116
     57100            1.009               116
     57200            1.009               116
     57300            1.009               116
     57400            1.010               116
     57500            1.010               116
     57600            1.010               116
     57700            1.011               116
     57800            1.012               116
     57900            1.012               116
     58000            1.012               116
     58100            1.012               116
     58200            1.013               116
     58300            1.014               116
     58400            1.015               116
     58500            1.016               116
     58600            1.016               116
     58700            1.015               116
     58800            1.015               116
     58900            1.015               116
     59000            1.014               116
     59100            1.015               116
     59200            1.014               116
     59300            1.014               116
     59400            1.013               116
     59500            1.013               116
     59600            1.012               116
     59700            1.012               116
     59800            1.011               116
     59900            1.011               116
     60000            1.012               116
     60100            1.011               116
     60200            1.011               116
     60300            1.011               116
     60400            1.011               116
     60500            1.010               116
     60600            1.010               116
     60700            1.011               116
     60800            1.011               116
     60900            1.011               116
     61000            1.012               116
     61100            1.012               116
     61200            1.012               116
     61300            1.012               116
     61400            1.012               116
     61500            1.012               116
     61600            1.012               116
     61700            1.012               116
     61800            1.011               116
     61900            1.012               116
     62000            1.012               116
     62100            1.012               116
     62200            1.013               116
     62300            1.014               116
     62400            1.014               116
     62500            1.014               116
     62600            1.015               116
     62700            1.015               116
     62800            1.015               116
     62900            1.014               116
     63000            1.014               116
     63100            1.014               116
     63200            1.014               116
     63300            1.014               116
     63400            1.014               116
     63500            1.013               116
     63600            1.013               116
     63700            1.014               116
     63800            1.014               116
     63900            1.014               116
     64000            1.015               116
     64100            1.015               116
     64200            1.015               116
     64300            1.014               116
     64400            1.014               116
     64500            1.015               116
     64600            1.015               116
     64700            1.015               116
     64800            1.016               116
     64900            1.016               116
     65000            1.016               116
     65100            1.017               116
     65200            1.017               116
     65300            1.017               116
     65400            1.018               116
     65500            1.018               116
     65600            1.018               116
     65700            1.017               116
     65800            1.016               116
     65900            1.014               116
     66000            1.013               116
     66100            1.011               116
     66200            1.010               116
     66300            1.009               116
     66400            1.009               116
     66500            1.008               116
     66600            1.008               116
     66700            1.008               116
     66800            1.009               116
     66900            1.009               116
     67000            1.008               116
     67100            1.008               116
     67200            1.008               116
     67300            1.008               116
     67400            1.008               116
     67500            1.008               116
     67600            1.008               116
     67700            1.008               116
     67800            1.008               116
     67900            1.008               116
     68000            1.008               116
     68100            1.009               116
     68200            1.009               116
     68300            1.009               116
     68400            1.010               116
     68500            1.010               116
     68600            1.011               116
     68700            1.011               116
     68800            1.011               116
     68900            1.012               116
     69000            1.012               116
     69100            1.012               116
     69200            1.012               116
     69300            1.012               116
     69400            1.013               116
     69500            1.013               116
     69600            1.012               116
     69700            1.012               116
     69800            1.012               116
     69900            1.011               116
     70000            1.010               116
     70100            1.010               116
     70200            1.009               116
     70300            1.009               116
     70400            1.009               116
     70500            1.009               99
     70600            1.009               99
     70700            1.009               99
     70800            1.010               99
     70900            1.010               99
     71000            1.010               99
     71100            1.010               99
     71200            1.011               99
     71300            1.012               99
     71400            1.013               99
     71500            1.014               99
     71600            1.014               99
     71700            1.014               99
     71800            1.013               99
     71900            1.013               99
     72000            1.012               99
     72100            1.012               99
     72200            1.011               99
     72300            1.011               99
     72400            1.010               99
     72500            1.011               99
     72600            1.011               99
     72700            1.011               99
     72800            1.011               99
     72900            1.011               99
     73000            1.012               99
     73100            1.012               99
     73200            1.012               99
     73300            1.011               99
     73400            1.011               99
     73500            1.011               99
     73600            1.011               99
     73700            1.010               99
     73800            1.010               99
     73900            1.009               99
     74000            1.009               99
     74100            1.009               99
     74200            1.008               99
     74300            1.008               99
     74400            1.008               99
     74500            1.008               99
     74600            1.008               99
     74700            1.008               99
     74800            1.008               99
     74900            1.008               99
     75000            1.008               99
     75100            1.008               99
     75200            1.008               99
     75300            1.008               99
     75400            1.009               99
     75500            1.009               99
     75600            1.009               99
     75700            1.009               99
     75800            1.008               99
     75900            1.008               99
     76000            1.008               99
     76100            1.008               99
     76200            1.008               99
     76300            1.008               99
     76400            1.008               99
     76500            1.008               99
     76600            1.008               99
     76700            1.008               99
     76800            1.008               99
     76900            1.008               99
     77000            1.009               99
     77100            1.009               99
     77200            1.009               99
     77300            1.009               99
     77400            1.008               99
     77500            1.008               99
     77600            1.008               99
     77700            1.009               99
     77800            1.009               99
     77900            1.009               99
     78000            1.009               99
     78100            1.010               99
     78200            1.010               99
     78300            1.010               99
     78400            1.011               99
     78500            1.010               99
     78600            1.010               99
     78700            1.010               99
     78800            1.010               99
     78900            1.009               99
     79000            1.009               99
     79100            1.009               99
     79200            1.008               99
     79300            1.008               99
     79400            1.008               99
     79500            1.008               99
     79600            1.007               99
     79700            1.007               99
     79800            1.007               99
     79900            1.007               99
     80000            1.007               99
     80100            1.007               99
     80200            1.006               99
     80300            1.006               99
     80400            1.006               99
     80500            1.006               99
     80600            1.006               99
     80700            1.006               99
     80800            1.006               99
     80900            1.007               99
     81000            1.007               99
     81100            1.008               99
     81200            1.008               99
     81300            1.008               99
     81400            1.009               99
     81500            1.009               99
     81600            1.009               99
     81700            1.009               99
     81800            1.008               99
     81900            1.008               99
     82000            1.008               99
     82100            1.008               99
     82200            1.008               99
     82300            1.007               99
     82400            1.007               99
     82500            1.007               99
     82600            1.007               99
     82700            1.007               99
     82800            1.007               99
     82900            1.007               99
     83000            1.006               99
     83100            1.006               99
     83200            1.006               99
     83300            1.006               99
     83400            1.006               99
     83500            1.006               99
     83600            1.005               99
     83700            1.005               99
     83800            1.005               99
     83900            1.005               99
     84000            1.004               99
     84100            1.004               99
     84200            1.004               99
     84300            1.004               99
     84400            1.004               99
     84500            1.004               99
     84600            1.004               99
     84700            1.004               99
     84800            1.004               99
     84900            1.004               99
     85000            1.004               99
     85100            1.003               99
     85200            1.004               99
     85300            1.004               99
     85400            1.003               99
     85500            1.003               99
     85600            1.003               99
     85700            1.003               99
     85800            1.003               99
     85900            1.003               99
     86000            1.003               99
     86100            1.003               99
     86200            1.003               99
     86300            1.003               99
     86400            1.003               99
     86500            1.003               99
     86600            1.003               99
     86700            1.003               99
     86800            1.003               99
     86900            1.003               99
     87000            1.003               99
     87100            1.003               99
     87200            1.003               99
     87300            1.003               99
     87400            1.003               99
     87500            1.003               116
     87600            1.003               99
     87700            1.003               48
     87800            1.003               99
     87900            1.003               99
     88000            1.003               115
     88100            1.003               115
     88200            1.003               115
     88300            1.003               115
     88400            1.003               99
     88500            1.003               99
     88600            1.003               99
     88700            1.003               99
     88800            1.003               99
     88900            1.003               99
     89000            1.003               99
     89100            1.002               99
     89200            1.002               48
     89300            1.003               48
     89400            1.003               48
     89500            1.003               48
     89600            1.003               48
     89700            1.003               48
     89800            1.003               48
     89900            1.003               48
     90000            1.004               48
     90100            1.003               48
     90200            1.004               48
     90300            1.004               48
     90400            1.003               48
     90500            1.003               48
     90600            1.003               48
     90700            1.003               48
     90800            1.003               48
     90900            1.003               48
     91000            1.004               48
     91100            1.004               48
     91200            1.004               48
     91300            1.004               48
     91400            1.004               48
     91500            1.004               48
     91600            1.004               48
     91700            1.004               48
     91800            1.004               48
     91900            1.004               48
     92000            1.004               48
     92100            1.005               48
     92200            1.005               48
     92300            1.005               48
     92400            1.005               48
     92500            1.005               48
     92600            1.005               48
     92700            1.005               48
     92800            1.005               48
     92900            1.005               48
     93000            1.005               48
     93100            1.005               48
     93200            1.005               48
     93300            1.004               48
     93400            1.004               48
     93500            1.004               48
     93600            1.004               14
     93700            1.005               14
     93800            1.005               14
     93900            1.005               14
     94000            1.004               14
     94100            1.004               48
     94200            1.004               48
     94300            1.004               48
     94400            1.004               48
     94500            1.003               14
     94600            1.003               14
     94700            1.003               14
     94800            1.003               48
     94900            1.003               48
     95000            1.003               14
     95100            1.003               48
     95200            1.003               116
     95300            1.003               116
     95400            1.003               48
     95500            1.003               48
     95600            1.004               48
     95700            1.004               48
     95800            1.004               48
     95900            1.004               48
     96000            1.004               48
     96100            1.004               48
     96200            1.004               48
     96300            1.004               48
     96400            1.004               48
     96500            1.004               48
     96600            1.003               107
     96700            1.004               107
     96800            1.004               107
     96900            1.005               107
     97000            1.005               107
     97100            1.005               107
     97200            1.005               107
     97300            1.004               107
     97400            1.004               107
     97500            1.004               107
     97600            1.004               107
     97700            1.004               107
     97800            1.004               107
     97900            1.004               107
     98000            1.004               107
     98100            1.004               107
     98200            1.004               107
     98300            1.004               107
     98400            1.004               107
     98500            1.004               107
     98600            1.004               107
     98700            1.004               107
     98800            1.004               107
     98900            1.004               107
     99000            1.004               107
     99100            1.004               107
     99200            1.004               107
     99300            1.004               107
     99400            1.004               107
     99500            1.004               107
     99600            1.003               107
     99700            1.003               107
     99800            1.003               107
     99900            1.003               107
     100000           1.003               107
     100100           1.003               107
     100200           1.003               107
     100300           1.003               107
     100400           1.003               107
     100500           1.002               107
     100600           1.002               107
     100700           1.002               107
     100800           1.002               107
     100900           1.002               107
     101000           1.002               107
     101100           1.002               107
     101200           1.002               107
     101300           1.002               107
     101400           1.002               102
     101500           1.002               107
     101600           1.002               107
     101700           1.003               107
     101800           1.002               107
     101900           1.002               108
     102000           1.003               108
     102100           1.003               108
     102200           1.003               14
     102300           1.003               14
     102400           1.003               14
     102500           1.003               14
     102600           1.003               14
     102700           1.003               14
     102800           1.003               14
     102900           1.003               14
     103000           1.003               14
     103100           1.003               14
     103200           1.003               14
     103300           1.003               14
     103400           1.004               14
     103500           1.004               14
     103600           1.004               14
     103700           1.004               14
     103800           1.004               14
     103900           1.004               14
     104000           1.004               14
     104100           1.004               14
     104200           1.004               14
     104300           1.004               102
     104400           1.004               102
     104500           1.004               102
     104600           1.004               102
     104700           1.005               102
     104800           1.004               102
     104900           1.004               102
     105000           1.004               102
     105100           1.004               102
     105200           1.004               102
     105300           1.004               102
     105400           1.004               102
     105500           1.004               102
     105600           1.004               102
     105700           1.004               102
     105800           1.004               102
     105900           1.004               14
     106000           1.004               14
     106100           1.004               14
     106200           1.004               14
     106300           1.004               14
     106400           1.004               14
     106500           1.004               14
     106600           1.004               14
     106700           1.004               102
     106800           1.004               102
     106900           1.004               102
     107000           1.004               102
     107100           1.004               102
     107200           1.004               102
     107300           1.004               102
     107400           1.004               102
     107500           1.004               102
     107600           1.004               102
     107700           1.004               49
     107800           1.004               49
     107900           1.003               49
     108000           1.003               14
     108100           1.004               14
     108200           1.004               14
     108300           1.003               14
     108400           1.003               14
     108500           1.003               14
     108600           1.003               14
     108700           1.003               14
     108800           1.003               14
     108900           1.003               102
     109000           1.003               102
     109100           1.003               102
     109200           1.003               102
     109300           1.003               102
     109400           1.004               102
     109500           1.004               102
     109600           1.004               102
     109700           1.004               102
     109800           1.004               102
     109900           1.004               102
     110000           1.005               102
     110100           1.005               102
     110200           1.004               102
     110300           1.004               102
     110400           1.004               102
     110500           1.004               102
     110600           1.004               102
     110700           1.004               102
     110800           1.004               102
     110900           1.004               102
     111000           1.004               102
     111100           1.004               102
     111200           1.004               102
     111300           1.004               102
     111400           1.004               102
     111500           1.004               102
     111600           1.004               102
     111700           1.004               102
     111800           1.004               102
     111900           1.004               102
     112000           1.004               102
     112100           1.004               102
     112200           1.004               102
     112300           1.004               102
     112400           1.004               102
     112500           1.004               102
     112600           1.004               102
     112700           1.004               102
     112800           1.004               102
     112900           1.004               102
     113000           1.004               102
     113100           1.003               102
     113200           1.003               102
     113300           1.004               102
     113400           1.004               102
     113500           1.004               102
     113600           1.004               102
     113700           1.004               102
     113800           1.004               102
     113900           1.003               102
     114000           1.003               102
     114100           1.003               102
     114200           1.003               102
     114300           1.003               102
     114400           1.003               102
     114500           1.003               100
     114600           1.003               100
     114700           1.003               100
     114800           1.003               100
     114900           1.003               100
     115000           1.003               100
     115100           1.003               100
     115200           1.003               100
     115300           1.003               100
     115400           1.003               100
     115500           1.004               100
     115600           1.004               100
     115700           1.004               100
     115800           1.004               100
     115900           1.004               100
     116000           1.004               100
     116100           1.004               100
     116200           1.004               100
     116300           1.004               100
     116400           1.004               100
     116500           1.003               100
     116600           1.003               107
     116700           1.003               107
     116800           1.003               107
     116900           1.004               107
     117000           1.004               107
     117100           1.004               107
     117200           1.004               107
     117300           1.005               107
     117400           1.004               107
     117500           1.004               107
     117600           1.004               107
     117700           1.004               107
     117800           1.004               107
     117900           1.004               107
     118000           1.004               107
     118100           1.004               107
     118200           1.004               107
     118300           1.005               107
     118400           1.004               107
     118500           1.005               107
     118600           1.005               107
     118700           1.005               107
     118800           1.005               107
     118900           1.005               107
     119000           1.005               107
     119100           1.005               107
     119200           1.005               107
     119300           1.005               107
     119400           1.005               107
     119500           1.005               107
     119600           1.005               107
     119700           1.005               107
     119800           1.005               107
     119900           1.005               107
     120000           1.005               107
     120100           1.004               107
     120200           1.004               107
     120300           1.004               107
     120400           1.004               107
     120500           1.004               107
     120600           1.004               107
     120700           1.004               107
     120800           1.004               107
     120900           1.004               107
     121000           1.004               107
     121100           1.004               107
     121200           1.004               107
     121300           1.004               107
     121400           1.005               107
     121500           1.005               107
     121600           1.005               107
     121700           1.005               107
     121800           1.005               107
     121900           1.005               107
     122000           1.005               107
     122100           1.005               107
     122200           1.005               107
     122300           1.005               107
     122400           1.005               107
     122500           1.004               107
     122600           1.004               107
     122700           1.004               107
     122800           1.004               107
     122900           1.004               107
     123000           1.004               107
     123100           1.003               107
     123200           1.003               107
     123300           1.003               107
     123400           1.003               107
     123500           1.003               107
     123600           1.003               107
     123700           1.003               107
     123800           1.003               107
     123900           1.004               107
     124000           1.003               107
     124100           1.004               107
     124200           1.004               107
     124300           1.004               107
     124400           1.004               107
     124500           1.004               107
     124600           1.004               107
     124700           1.004               107
     124800           1.005               107
     124900           1.005               107
     125000           1.005               107
     125100           1.005               107
     125200           1.005               107
     125300           1.005               107
     125400           1.005               107
     125500           1.005               107
     125600           1.006               107
     125700           1.006               107
     125800           1.006               107
     125900           1.006               107
     126000           1.006               107
     126100           1.006               107
     126200           1.006               107
     126300           1.006               107
     126400           1.006               107
     126500           1.006               107
     126600           1.006               107
     126700           1.006               107
     126800           1.006               107
     126900           1.005               107
     127000           1.005               107
     127100           1.005               107
     127200           1.005               107
     127300           1.005               107
     127400           1.006               107
     127500           1.006               107
     127600           1.006               107
     127700           1.006               107
     127800           1.006               107
     127900           1.006               107
     128000           1.006               107
     128100           1.006               107
     128200           1.006               107
     128300           1.006               107
     128400           1.006               107
     128500           1.006               107
     128600           1.006               107
     128700           1.006               107
     128800           1.006               107
     128900           1.006               107
     129000           1.006               107
     129100           1.006               107
     129200           1.007               107
     129300           1.007               107
     129400           1.007               107
     129500           1.007               107
     129600           1.007               107
     129700           1.007               107
     129800           1.007               107
     129900           1.007               107
     130000           1.007               107
     130100           1.007               107
     130200           1.007               107
     130300           1.007               107
     130400           1.007               107
     130500           1.007               107
     130600           1.007               107
     130700           1.007               107
     130800           1.007               107
     130900           1.006               107
     131000           1.006               107
     131100           1.006               107
     131200           1.006               107
     131300           1.006               107
     131400           1.006               107
     131500           1.006               107
     131600           1.006               107
     131700           1.006               107
     131800           1.006               107
     131900           1.006               107
     132000           1.006               107
     132100           1.005               107
     132200           1.005               107
     132300           1.005               107
     132400           1.004               107
     132500           1.004               100
     132600           1.004               100
     132700           1.004               100
     132800           1.004               100
     132900           1.004               107
     133000           1.004               107
     133100           1.003               107
     133200           1.004               107
     133300           1.004               107
     133400           1.004               107
     133500           1.004               107
     133600           1.003               107
     133700           1.004               107
     133800           1.004               107
     133900           1.004               107
     134000           1.004               107
     134100           1.004               107
     134200           1.004               107
     134300           1.004               107
     134400           1.004               107
     134500           1.003               107
     134600           1.003               107
     134700           1.003               107
     134800           1.003               107
     134900           1.003               107
     135000           1.003               107
     135100           1.003               107
     135200           1.003               107
     135300           1.003               107
     135400           1.003               107
     135500           1.003               107
     135600           1.003               107
     135700           1.003               107
     135800           1.003               107
     135900           1.003               29
     136000           1.003               6
     136100           1.003               6
     136200           1.003               6
     136300           1.003               6
     136400           1.003               6
     136500           1.003               6
     136600           1.003               6
     136700           1.003               6
     136800           1.003               6
     136900           1.003               6
     137000           1.003               6
     137100           1.003               6
     137200           1.003               107
     137300           1.003               6
     137400           1.003               6
     137500           1.003               6
     137600           1.003               6
     137700           1.004               6
     137800           1.004               6
     137900           1.004               6
     138000           1.003               6
     138100           1.004               6
     138200           1.004               6
     138300           1.004               6
     138400           1.004               6
     138500           1.004               6
     138600           1.004               6
     138700           1.004               6
     138800           1.004               6
     138900           1.004               6
     139000           1.004               6
     139100           1.004               6
     139200           1.003               6
     139300           1.003               6
     139400           1.003               6
     139500           1.003               6
     139600           1.003               6
     139700           1.003               6
     139800           1.003               107
     139900           1.003               107
     140000           1.003               107
     140100           1.003               107
     140200           1.003               107
     140300           1.003               107
     140400           1.003               107
     140500           1.003               107
     140600           1.003               107
     140700           1.003               107
     140800           1.003               107
     140900           1.003               107
     141000           1.003               107
     141100           1.003               107
     141200           1.003               107
     141300           1.003               107
     141400           1.003               107
     141500           1.003               107
     141600           1.003               107
     141700           1.003               107
     141800           1.003               107
     141900           1.003               107
     142000           1.003               107
     142100           1.003               107
     142200           1.004               107
     142300           1.004               107
     142400           1.004               107
     142500           1.004               107
     142600           1.004               107
     142700           1.004               107
     142800           1.004               107
     142900           1.004               107
     143000           1.004               107
     143100           1.004               107
     143200           1.004               107
     143300           1.003               107
     143400           1.003               107
     143500           1.003               107
     143600           1.003               107
     143700           1.003               107
     143800           1.002               107
     143900           1.002               107
     144000           1.002               107
     144100           1.002               107
     144200           1.002               107
     144300           1.002               107
     144400           1.002               107
     144500           1.002               107
     144600           1.002               107
     144700           1.002               107
     144800           1.002               107
     144900           1.002               53
     145000           1.002               53
     145100           1.002               53
     145200           1.002               53
     145300           1.002               53
     145400           1.002               107
     145500           1.002               107
     145600           1.002               107
     145700           1.002               107
     145800           1.002               107
     145900           1.003               107
     146000           1.003               107
     146100           1.003               107
     146200           1.003               107
     146300           1.003               107
     146400           1.003               107
     146500           1.003               107
     146600           1.003               107
     146700           1.003               107
     146800           1.003               107
     146900           1.003               107
     147000           1.003               107
     147100           1.003               107
     147200           1.003               107
     147300           1.003               107
     147400           1.003               107
     147500           1.003               107
     147600           1.003               107
     147700           1.003               107
     147800           1.003               107
     147900           1.003               107
     148000           1.003               107
     148100           1.003               107
     148200           1.003               107
     148300           1.003               107
     148400           1.003               107
     148500           1.003               107
     148600           1.003               107
     148700           1.003               107
     148800           1.003               107
     148900           1.003               107
     149000           1.003               107
     149100           1.003               107
     149200           1.003               107
     149300           1.003               107
     149400           1.003               107
     149500           1.003               107
     149600           1.003               107
     149700           1.003               107
     149800           1.003               107
     149900           1.003               107
     150000           1.004               107
     150100           1.004               107
     150200           1.004               107
     150300           1.004               107
     150400           1.004               107
     150500           1.004               107
     150600           1.004               107
     150700           1.004               107
     150800           1.004               107
     150900           1.003               107
     151000           1.003               107
     151100           1.004               107
     151200           1.003               107
     151300           1.003               107
     151400           1.003               107
     151500           1.003               107
     151600           1.003               107
     151700           1.003               107
     151800           1.003               107
     151900           1.003               107
     152000           1.004               107
     152100           1.004               107
     152200           1.003               107
     152300           1.003               107
     152400           1.004               107
     152500           1.004               107
     152600           1.004               107
     152700           1.003               107
     152800           1.003               107
     152900           1.003               107
     153000           1.003               107
     153100           1.003               107
     153200           1.003               107
     153300           1.003               107
     153400           1.003               107
     153500           1.004               107
     153600           1.004               107
     153700           1.004               107
     153800           1.003               107
     153900           1.003               107
     154000           1.003               107
     154100           1.003               107
     154200           1.003               107
     154300           1.003               107
     154400           1.003               107
     154500           1.003               107
     154600           1.003               107
     154700           1.003               107
     154800           1.003               107
     154900           1.003               107
     155000           1.003               107
     155100           1.003               107
     155200           1.003               107
     155300           1.003               107
     155400           1.003               107
     155500           1.004               107
     155600           1.004               107
     155700           1.004               107
     155800           1.003               107
     155900           1.003               107
     156000           1.003               107
     156100           1.003               107
     156200           1.003               107
     156300           1.003               107
     156400           1.003               107
     156500           1.003               107
     156600           1.003               107
     156700           1.003               107
     156800           1.003               107
     156900           1.003               107
     157000           1.003               107
     157100           1.003               107
     157200           1.003               107
     157300           1.003               107
     157400           1.003               107
     157500           1.003               107
     157600           1.003               107
     157700           1.003               107
     157800           1.003               107
     157900           1.003               107
     158000           1.003               107
     158100           1.003               107
     158200           1.003               107
     158300           1.004               107
     158400           1.004               107
     158500           1.004               107
     158600           1.004               107
     158700           1.004               107
     158800           1.004               107
     158900           1.004               107
     159000           1.003               107
     159100           1.003               107
     159200           1.003               107
     159300           1.003               107
     159400           1.003               107
     159500           1.003               107
     159600           1.003               107
     159700           1.003               107
     159800           1.002               107
     159900           1.002               100
     160000           1.002               100
     160100           1.002               100
     160200           1.002               100
     160300           1.002               100
     160400           1.002               100
     160500           1.002               100
     160600           1.002               100
     160700           1.002               100
     160800           1.002               100
     160900           1.003               100
     161000           1.002               100
     161100           1.002               100
     161200           1.002               100
     161300           1.002               100
     161400           1.003               100
     161500           1.003               100
     161600           1.003               100
     161700           1.003               100
     161800           1.003               100
     161900           1.003               100
     162000           1.003               100
     162100           1.004               100
     162200           1.004               100
     162300           1.004               100
     162400           1.004               100
     162500           1.004               100
     162600           1.004               100
     162700           1.004               100
     162800           1.004               100
     162900           1.004               100
     163000           1.004               100
     163100           1.004               100
     163200           1.005               100
     163300           1.004               100
     163400           1.004               100
     163500           1.004               100
     163600           1.004               100
     163700           1.004               100
     163800           1.004               100
     163900           1.003               100
     164000           1.003               100
     164100           1.003               100
     164200           1.003               100
     164300           1.002               100
     164400           1.002               100
     164500           1.002               100
     164600           1.002               100
     164700           1.002               116
     164800           1.002               116
     164900           1.003               107
     165000           1.003               107
     165100           1.003               107
     165200           1.003               107
     165300           1.003               116
     165400           1.003               116
     165500           1.003               116
     165600           1.003               116
     165700           1.003               116
     165800           1.003               116
     165900           1.003               116
     166000           1.003               116
     166100           1.003               116
     166200           1.003               100
     166300           1.003               100
     166400           1.003               107
     166500           1.003               107
     166600           1.003               100
     166700           1.003               100
     166800           1.003               100
     166900           1.003               100
     167000           1.003               100
     167100           1.003               100
     167200           1.003               100
     167300           1.002               107
     167400           1.002               107
     167500           1.003               107
     167600           1.003               107
     167700           1.003               107
     167800           1.003               107
     167900           1.003               107
     168000           1.003               107
     168100           1.003               107
     168200           1.003               107
     168300           1.003               107
     168400           1.003               107
     168500           1.003               107
     168600           1.003               107
     168700           1.003               107
     168800           1.003               107
     168900           1.003               107
     169000           1.003               107
     169100           1.002               107
     169200           1.002               107
     169300           1.002               107
     169400           1.003               107
     169500           1.003               107
     169600           1.003               107
     169700           1.003               107
     169800           1.003               107
     169900           1.003               100
     170000           1.003               100
     170100           1.003               100
     170200           1.003               100
     170300           1.003               100
     170400           1.003               100
     170500           1.003               107
     170600           1.003               107
     170700           1.003               107
     170800           1.003               107
     170900           1.003               107
     171000           1.003               107
     171100           1.003               107
     171200           1.003               107
     171300           1.003               107
     171400           1.003               100
     171500           1.003               100
     171600           1.003               100
     171700           1.003               100
     171800           1.003               100
     171900           1.003               100
     172000           1.003               100
     172100           1.003               100
     172200           1.003               100
     172300           1.003               100
     172400           1.004               100
     172500           1.004               100
     172600           1.003               100
     172700           1.003               97
     172800           1.003               97
     172900           1.003               97
     173000           1.003               97
     173100           1.003               97
     173200           1.003               97
     173300           1.003               97
     173400           1.003               97
     173500           1.003               97
     173600           1.003               97
     173700           1.003               97
     173800           1.003               97
     173900           1.003               97
     174000           1.003               97
     174100           1.003               97
     174200           1.003               97
     174300           1.003               97
     174400           1.003               97
     174500           1.003               97
     174600           1.003               97
     174700           1.003               97
     174800           1.003               97
     174900           1.003               97
     175000           1.003               97
     175100           1.003               48
     175200           1.003               1
     175300           1.003               48
     175400           1.003               97
     175500           1.003               97
     175600           1.003               97
     175700           1.003               97
     175800           1.003               97
     175900           1.003               97
     176000           1.003               97
     176100           1.003               97
     176200           1.003               97
     176300           1.003               97
     176400           1.003               97
     176500           1.003               97
     176600           1.003               97
     176700           1.003               97
     176800           1.003               97
     176900           1.003               97
     177000           1.003               97
     177100           1.003               97
     177200           1.003               97
     177300           1.002               48
     177400           1.002               97
     177500           1.002               97
     177600           1.002               97
     177700           1.002               97
     177800           1.002               97
     177900           1.002               97
     178000           1.002               97
     178100           1.002               97
     178200           1.002               97
     178300           1.002               97
     178400           1.002               97
     178500           1.002               97
     178600           1.003               97
     178700           1.003               97
     178800           1.003               97
     178900           1.003               97
     179000           1.003               97
     179100           1.003               97
     179200           1.002               97
     179300           1.003               97
     179400           1.003               97
     179500           1.002               97
     179600           1.002               45
     179700           1.002               45
     179800           1.003               45
     179900           1.003               45
     180000           1.003               45
     180100           1.003               45
     180200           1.003               45
     180300           1.003               45
     180400           1.003               45
     180500           1.003               45
     180600           1.003               45
     180700           1.002               45
     180800           1.002               45
     180900           1.002               45
     181000           1.003               45
     181100           1.003               45
     181200           1.003               45
     181300           1.003               45
     181400           1.003               45
     181500           1.003               45
     181600           1.003               45
     181700           1.003               45
     181800           1.003               45
     181900           1.003               45
     182000           1.003               45
     182100           1.003               45
     182200           1.003               45
     182300           1.002               45
     182400           1.002               45
     182500           1.002               45
     182600           1.003               45
     182700           1.002               45
     182800           1.002               45
     182900           1.002               45
     183000           1.002               45
     183100           1.002               45
     183200           1.003               45
     183300           1.003               45
     183400           1.003               45
     183500           1.003               45
     183600           1.003               45
     183700           1.003               45
     183800           1.002               45
     183900           1.003               45
     184000           1.003               45
     184100           1.003               45
     184200           1.003               45
     184300           1.003               45
     184400           1.003               45
     184500           1.003               45
     184600           1.003               45
     184700           1.002               45
     184800           1.002               45
     184900           1.002               45
     185000           1.003               45
     185100           1.003               45
     185200           1.003               45
     185300           1.003               45
     185400           1.003               45
     185500           1.003               45
     185600           1.003               45
     185700           1.003               45
     185800           1.003               45
     185900           1.003               45
     186000           1.003               45
     186100           1.003               45
     186200           1.003               45
     186300           1.003               45
     186400           1.003               45
     186500           1.003               45
     186600           1.003               45
     186700           1.003               45
     186800           1.003               45
     186900           1.003               45
     187000           1.003               45
     187100           1.003               45
     187200           1.003               45
     187300           1.003               45
     187400           1.003               45
     187500           1.003               45
     187600           1.003               45
     187700           1.003               45
     187800           1.003               45
     187900           1.003               45
     188000           1.003               45
     188100           1.003               45
     188200           1.003               45
     188300           1.004               45
     188400           1.004               45
     188500           1.004               45
     188600           1.003               45
     188700           1.003               45
     188800           1.003               45
     188900           1.003               45
     189000           1.003               45
     189100           1.003               45
     189200           1.003               45
     189300           1.003               45
     189400           1.003               45
     189500           1.003               45
     189600           1.003               45
     189700           1.003               45
     189800           1.003               45
     189900           1.003               45
     190000           1.003               45
     190100           1.003               45
     190200           1.003               45
     190300           1.003               45
     190400           1.003               45
     190500           1.003               45
     190600           1.003               45
     190700           1.003               45
     190800           1.003               45
     190900           1.003               45
     191000           1.003               45
     191100           1.003               45
     191200           1.003               113
     191300           1.003               113
     191400           1.003               113
     191500           1.003               45
     191600           1.003               45
     191700           1.003               45
     191800           1.003               45
     191900           1.003               45
     192000           1.003               45
     192100           1.003               45
     192200           1.003               45
     192300           1.003               45
     192400           1.003               41
     192500           1.003               41
     192600           1.003               41
     192700           1.003               41
     192800           1.003               41
     192900           1.003               41
     193000           1.003               41
     193100           1.003               41
     193200           1.003               113
     193300           1.003               113
     193400           1.003               113
     193500           1.003               113
     193600           1.003               113
     193700           1.004               113
     193800           1.004               113
     193900           1.004               113
     194000           1.004               113
     194100           1.004               113
     194200           1.004               113
     194300           1.003               113
     194400           1.003               113
     194500           1.003               113
     194600           1.003               113
     194700           1.003               113
     194800           1.003               113
     194900           1.003               113
     195000           1.003               113
     195100           1.003               41
     195200           1.003               41
     195300           1.003               41
     195400           1.003               41
     195500           1.003               41
     195600           1.003               41
     195700           1.003               41
     195800           1.003               41
     195900           1.003               113
     196000           1.003               113
     196100           1.003               41
     196200           1.003               113
     196300           1.003               41
     196400           1.003               41
     196500           1.003               41
     196600           1.003               41
     196700           1.003               41
     196800           1.003               41
     196900           1.003               41
     197000           1.003               41
     197100           1.003               41
     197200           1.003               41
     197300           1.003               41
     197400           1.003               41
     197500           1.003               41
     197600           1.003               41
     197700           1.003               41
     197800           1.003               41
     197900           1.003               41
     198000           1.003               41
     198100           1.003               41
     198200           1.003               41
     198300           1.003               41
     198400           1.003               41
     198500           1.003               41
     198600           1.003               41
     198700           1.003               41
     198800           1.003               41
     198900           1.004               41
     199000           1.004               41
     199100           1.004               41
     199200           1.004               41
     199300           1.004               41
     199400           1.004               41
     199500           1.004               41
     199600           1.004               41
     199700           1.004               41
     199800           1.004               41
     199900           1.004               41
     200000           1.004               41


DIAGRAM INFORMATION

  Mplus diagrams are currently not available for multilevel analysis.
  No diagram output was produced.


     Beginning Time:  15:20:56
        Ending Time:  15:31:08
       Elapsed Time:  00:10:12



MUTHEN & MUTHEN
3463 Stoner Ave.
Los Angeles, CA  90066

Tel: (310) 391-9971
Fax: (310) 391-8971
Web: www.StatModel.com
Support: Support@StatModel.com

Copyright (c) 1998-2023 Muthen & Muthen
